Q13285,Q99728
Q99728,Q9NYZ3
Q99728,Q9BX63
Q99728,Q9UKT4
P11388,P53350
P11388,P54132
P11388,Q96T88
P11388,Q02548
P11388,Q9H211
P11388,P33992
P11388,P68431
P11388,Q08050
P11388,P38398
P11388,P35244
P11388,P13612
P38398,Q3B820
P38398,Q9Y253
P38398,Q01094
P38398,Q9BTX1
P38398,Q9Y6Q9
P38398,P52292
P38398,Q9BX63
P38398,Q69YH5
P38398,P49454
P38398,Q86T82
P38398,Q02241
P38398,P53350
P38398,Q96Q89
P38398,Q8NI51
P38398,Q9NPD8
P38398,Q9NVN8
P38398,Q96HA7
P38398,Q9UKT4
P38398,Q14527
P38398,P62807
P38398,P46013
P38398,Q13309
P38398,Q9ULW0
P38398,Q38SD2
P38398,Q99728
P38398,Q6XPS3
P38398,Q13315
P38398,Q9HAW4
P38398,P62805
P38398,Q8N8A2
P38398,Q14566
P38398,Q71DI3
P38398,Q9NS91
P38398,P49736
P38398,Q06609
P38398,P42771
P38398,Q15910
P38398,Q86YB8
P38398,Q9UBU7
P38398,Q8IYX8
P38398,Q9P209
P38398,Q6PGQ7
P38398,Q9BXW9
P38398,P54132
P38398,Q12815
P38398,Q15004
P38398,Q13287
P38398,Q96SD1
P38398,P42224
P38398,P52732
P38398,P51587
P06239,P15498
P06239,P42224
P06239,P08575
P06239,P09326
P06239,P40259
P06239,Q96DU3
P06239,Q9Y3P8
P06239,P25445
P06239,Q7L591
P06239,Q9UQQ2
P06239,Q8IWV1
P06239,P10747
P06239,P28907
P06239,P14784
P06239,Q13588
P06239,Q99704
P06239,Q9NP31
P06239,P11912
P06239,P11836
P06239,Q9UN19
P06239,Q96B97
P06239,Q9Y2R2
P06239,Q13761
P06239,P29350
P06239,P48736
P06239,P16885
P06239,P38398
P06239,Q92731
P06239,P30307
P06239,Q86WV1
P06239,P07948
P06239,P42768
P62807,Q9H0H5
P62807,Q9BXS6
P62807,Q96T88
P62807,Q86Y91
P62807,Q9NQS7
P62807,Q96B01
P62807,Q53HL2
P62807,Q96AY2
P62807,Q5TKA1
P62807,Q8IWS0
P62807,Q9NX58
P62807,Q7L590
P62807,Q02241
P62807,Q15398
P62807,Q8WWK9
P62807,Q6PL18
P62807,Q96FF9
P62807,Q99661
P62807,Q6P0N0
P62807,Q08050
P62807,Q9ULW0
P62807,Q69YH5
P62807,Q56NI9
P62807,Q9H967
P62807,Q96GD4
P62807,Q8NI77
P62807,Q5FBB7
P62807,Q9NVN8
P62807,Q99728
P62807,Q96QE3
P62807,Q562F6
P62807,Q99986
P62807,Q9NRZ9
O15350,P06493
O15350,P20248
O15350,Q13257
O15350,O60566
O15350,P14635
O15350,Q01094
O15350,P19544
O15350,P38398
O15350,Q7Z401
O15350,Q9NZI8
O15350,P06899
O15350,Q86UW6
O15350,Q8IZT6
O15350,Q9H211
O15350,P62805
O15350,Q6UVJ0
O15350,P24864
O15350,Q12834
O15350,P42224
O15350,Q13309
P49736,Q99879
P49736,P62805
P49736,P50453
P49736,Q8NCD3
P49736,Q14566
P49736,Q6ZRQ5
P49736,Q9NVI1
P49736,Q99877
P49736,Q9Y5N6
P49736,Q13315
P49736,Q9H3K6
P49736,Q9UBU7
P49736,Q8WYA1
P49736,Q71DI3
P49736,Q96HA7
P49736,Q9H211
P49736,Q9BRX5
P49736,P53350
P49736,Q93079
P49736,Q13268
P49736,Q9NRW3
P49736,Q15058
P49736,Q9BXW9
P49736,Q03252
P49736,Q99880
P49736,Q9H583
P49736,Q96EK6
P49736,Q9H078
P49736,Q9Y6H8
P49736,Q6P5R6
P49736,P62807
P49736,Q96KK5
P49736,Q13415
P49736,Q9BVW5
P49736,Q99741
P49736,Q92608
P49736,Q8TAA3
P49736,Q9UBL6
P49736,Q9UJL9
P49736,Q9H361
P49736,P68431
P49736,Q92731
P49736,Q7L590
P49736,Q5VUA4
P49736,P52292
P49736,Q00534
P49736,Q99878
Q6ZW49,Q71F23
Q6ZW49,Q9NPE6
Q6ZW49,Q9H1A4
Q6ZW49,Q86YH2
Q6ZW49,Q9NX58
Q6ZW49,Q9BPX3
Q6ZW49,Q8IX90
Q6ZW49,Q9NVH2
Q6ZW49,Q99661
P33992,Q71DI3
P33992,Q96KK5
P33992,Q99878
P33992,P68431
P33992,P42224
P33992,Q99877
P33992,Q13415
P33992,P42771
P33992,Q96B97
P33992,Q14566
P33992,P38398
P33992,Q99879
P33992,Q9BXW9
P33992,Q9Y5N6
P33992,P49736
P33992,P62805
P33992,Q93079
P33992,P62807
P33992,Q96HA7
P33992,Q9NVI1
P33992,Q9BRT9
P33992,Q13352
P33992,Q99880
Q71DI3,Q96GD4
Q71DI3,Q9NQS7
Q71DI3,Q99986
Q71DI3,Q96T88
Q13077,Q96CG3
Q13077,Q8IU68
Q13077,Q9NQW5
Q13077,Q15973
Q13077,Q3B820
Q13077,Q9NVL8
Q13077,Q13489
Q13077,Q7L591
Q13077,Q96B97
Q13077,Q9BWF2
Q13077,Q99618
Q13077,Q96RJ3
Q13077,Q8IWZ5
Q13077,Q99728
Q13077,Q9HAV5
Q13077,Q96CS2
Q13077,Q13114
Q15118,Q15120
Q15118,Q9UQV4
Q8IYD1,Q9NZI8
Q3B820,Q8N3L3
Q3B820,Q8N6L0
Q3B820,Q8IYX8
Q3B820,Q5T5X7
Q3B820,Q8NBT0
Q3B820,Q8NF50
Q01094,Q99741
Q01094,Q01892
Q01094,Q13489
Q01094,Q9Y6Q9
Q01094,Q96AV8
Q01094,Q12834
Q01094,Q15910
Q01094,Q6PL18
Q01094,Q13315
Q01094,Q13309
Q01094,Q99856
Q13112,Q71DI3
Q13112,Q9P209
Q9NX58,Q9Y6K5
Q9NX58,Q9UKE5
Q9NX58,Q9NZI8
Q04864,Q13111
Q04864,Q96LC9
Q04864,Q9BVV2
Q04864,Q9HBI0
Q04864,Q8NI38
Q04864,Q96Q77
Q04864,Q8TAD7
Q04864,Q13489
Q04864,Q495W5
Q04864,Q8TCE9
O60812,P33992
O60812,P19525
O60812,Q92731
O60812,Q66GS9
O60812,P35244
P42771,Q14566
P42771,Q00534
P42771,P49736
P42771,Q15910
P42771,Q01094
P42771,Q7L590
P42771,Q86YA3
P42771,Q13287
P42771,Q99741
P42771,P49450
Q7Z7G1,Q8NEC7
Q53EZ4,Q96T49
Q53EZ4,Q6ZU80
Q53EZ4,Q9Y6A5
Q53EZ4,Q66GS9
Q53EZ4,Q8IYX8
Q53EZ4,Q9HC77
Q53EZ4,Q96CS2
Q12815,Q13114
O00626,O75771
O00626,P32248
O00626,Q96AY2
P07205,P13929
P18754,Q9UKE5
P18754,Q02548
P18754,Q9BXS6
P18754,Q15398
P18754,P62805
P18754,P68431
P18754,Q99986
P18754,Q99853
Q13422,Q8NBT0
Q13422,Q8IYX8
Q13422,Q9H967
Q13422,Q9UKS7
Q13422,Q9HC98
Q13422,Q9UKT9
Q13422,Q8WTP8
Q13422,Q3B820
O96017,P20700
O96017,Q13007
O96017,P51587
O96017,Q9NTJ3
O96017,P33992
O96017,Q01094
O96017,Q9Y248
O96017,Q9UBU7
O96017,P52292
O96017,P30304
O96017,Q08050
O96017,P30307
O96017,P13501
O96017,P53350
O96017,P38398
O96017,Q13315
O96017,P22234
Q8NHV4,Q9P209
Q8NHV4,Q9BR77
Q8NHV4,Q9Y592
Q8NHV4,Q96NL6
Q8NHV4,Q9NRZ9
Q8NHV4,Q9HC77
P13501,P49682
P13501,P22732
P13501,P19544
P13501,P32302
O00762,Q16763
O00762,O95486
O00762,P04818
O00762,Q13257
O00762,Q8WWK9
O00762,O60566
O00762,Q12834
Q13426,Q9NP50
Q13426,Q96SD1
P42167,Q10589
P42167,Q9BXS6
P42167,P62807
P07948,Q96B97
P07948,P21854
P07948,P14784
P07948,P42680
P07948,Q6XPS3
P07948,Q8NDB2
P07948,Q92918
P07948,Q6UWF3
P07948,P14317
P07948,P20273
P07948,P29350
P07948,P15391
P07948,Q8NF50
P07948,Q7L591
P07948,Q8N3Z6
P07948,P31994
P07948,Q86WV1
P07948,P11049
P07948,P40259
P07948,Q9UN19
P07948,Q8WV28
P07948,P48736
P07948,Q9NZJ0
P07948,P16885
P07948,Q99704
P07948,P11836
P07948,Q06187
P07948,P08575
P07948,Q16719
P07948,Q9BXM9
P07948,P11912
P07948,P51530
P07948,P13612
Q96B97,Q9H0H5
Q96B97,Q9NYZ3
Q96B97,Q9ULZ2
Q13043,Q6ZTQ3
Q13043,Q13576
Q13043,Q96GD4
Q13043,Q8IW36
Q13043,Q99661
Q13043,Q9HBI1
Q13043,Q8N392
Q01113,Q8NC67
Q14541,Q15466
Q15910,Q96T88
Q15910,Q9Y6Q9
Q15910,Q9UPY5
Q15910,Q9H967
Q15910,Q9UJA3
Q15910,Q96GN5
Q15910,Q6S8J3
Q15910,Q5T6S3
Q15910,Q8NB91
Q06187,Q13422
Q06187,Q14699
Q06187,Q8WV28
Q06187,Q9Y2C9
Q06187,Q9UN19
Q06187,Q99856
Q06187,Q9NR96
Q06187,Q6ZUJ8
Q8TF76,Q96GD4
Q8TF76,Q9UII4
Q71F23,Q92674
Q71F23,Q9H3R5
Q71F23,Q9BS16
Q71F23,Q9NSP4
Q71F23,Q8N0S6
Q71F23,Q7L2Z9
P62314,Q99684
P62314,Q15910
P62314,Q96I15
P62314,Q8WXD5
P14784,P49736
P14784,P31785
P14784,P40933
P14784,P42224
P14784,P29350
P68431,Q8TF76
P68431,Q9H967
P68431,Q9BX63
P68431,Q99986
P68431,Q96GD4
P68431,Q5T6S3
P68431,Q13112
P68431,Q15573
P68431,Q9BXS6
P68431,Q9H3K6
P68431,Q02241
P68431,Q8NI51
P68431,Q96QE3
P68431,Q96FF9
P68431,Q69YH5
P68431,Q96HA7
P68431,Q6ZW49
P68431,Q9BXW9
P68431,Q14566
P68431,Q9Y2Q1
P68431,Q86Y91
P68431,Q99728
P68431,Q13257
P68431,Q13111
P68431,Q53HL2
P68431,Q6ZRQ5
P68431,Q15910
P68431,Q9NQS7
P68431,Q96T88
P68431,Q96AV8
P68431,Q6PL18
P15498,Q9H0H5
P15498,Q06187
P15498,Q15910
P15498,Q8WV28
P15498,Q99704
P15498,P29350
P15498,P16885
P15498,Q92608
P15498,P42680
P15498,Q9Y2R2
P13612,Q99880
P13612,P16401
P13612,Q99879
P13612,P20700
P13612,P33991
P13612,Q9H3K6
P13612,Q99877
P13612,Q93079
P13612,P33992
P13612,P16402
P13612,P49736
P13612,P26010
P13612,P62805
P13612,P68431
P13612,P32322
P13612,Q9H583
P13612,Q8TEM1
P13612,Q92187
P13612,Q9NZI8
P13612,Q86UX7
P13612,Q71DI3
P13612,P18754
P13612,Q14566
P13612,P15153
P13612,P52292
P13612,P62807
P13612,P62314
Q08257,Q15645
Q08257,Q8IZT6
Q16667,Q9Y6Q9
Q16667,Q9H078
P62805,Q9Y6Q9
P62805,Q15573
P62805,P78395
P62805,Q7Z713
P62805,Q96HA7
P62805,Q13112
P62805,Q9BXW9
P62805,Q13111
P62805,Q96T88
P62805,Q6ZRQ5
P62805,Q8TDB6
P62805,Q7L2Z9
P62805,Q14566
P62805,Q6PL18
P62805,Q15910
P62805,Q8NCD3
P62805,Q71DI3
P62805,Q14207
P62805,P68431
P62805,Q92731
P46063,P52292
P46063,P62807
P46063,Q99880
P46063,P68431
P31146,Q8NBT0
P31146,P55318
P31146,Q9NUX5
P10415,Q9BZR8
P10415,Q86Y07
P10415,Q96LC9
P10415,Q99640
P10415,P51451
P10415,Q9HD36
P10415,P38398
P10415,Q13794
P10415,Q99728
P40259,Q9NRZ9
P40259,Q9NY97
P40259,Q14680
P40259,Q5FWF4
P40259,Q9NVH2
P40259,P56282
P40259,Q9H5K3
P40259,P51451
P40259,Q5SRI9
Q8NCR3,Q9NPD8
P55075,Q7Z2T5
P55075,Q2Q1W2
P55075,Q9UNX4
P55075,Q96SI9
P55075,Q8WTT2
Q66GS9,Q9P209
Q66GS9,Q96DN5
Q66GS9,Q6ZU80
Q66GS9,Q8N6V9
Q66GS9,Q9HC77
Q66GS9,Q86W54
Q66GS9,Q99550
Q66GS9,Q96CS2
Q66GS9,Q8NHV4
Q66GS9,Q9C0D2
Q66GS9,Q86VV8
Q66GS9,Q96SK2
Q66GS9,Q96M89
Q66GS9,Q9BT25
Q66GS9,Q9BR77
Q66GS9,Q6UVJ0
Q66GS9,Q9NYP9
Q66GS9,Q8N3L3
Q66GS9,Q7Z4H7
P48382,P68431
P48382,P62807
P05106,P13612
P05106,Q99704
P05106,Q13352
P05106,P07948
P05106,P05771
Q96ER3,Q9NZQ7
Q96ER3,Q9Y275
O14965,P53350
O14965,Q9BZD4
O14965,O15392
O14965,Q96J88
O14965,Q06187
O14965,Q9ULW0
O14965,Q6ZU80
O14965,Q9NQS7
O14965,Q8NI51
O14965,Q96RG2
O14965,Q6PGQ7
O14965,P38398
O14965,Q8N4C6
O14965,O15360
O14965,O95067
O14965,Q15398
O14965,Q53EZ4
O14965,O95997
O14965,Q96R06
O14965,O95347
O14965,O43379
O14965,O15350
O14965,O96020
O14965,P42771
O14965,Q9Y6A5
O14965,P06493
O14965,Q63HK3
O14965,Q9UGP4
O14965,P52732
O14965,Q99661
O14965,Q96GD4
O14965,Q04864
O14965,Q9NZI8
O14965,Q99728
O14965,Q12834
O14965,Q8IZT6
O14965,Q9H7T9
O14965,O75330
Q14141,Q96B97
Q14141,Q9P209
Q14141,Q8WYJ6
O15392,Q13489
O15392,P06493
O15392,Q96GD4
O15392,Q71DI3
O15392,P62807
O15392,Q9NQS7
O15392,Q53HL2
P02786,Q10589
P02786,P35244
P02786,P13612
P02786,P38398
P02786,P22001
Q9UBU7,Q9Y5N6
Q9HC98,Q9UQV4
Q9HC98,Q9UKT9
Q9HC98,Q9NVI1
Q13315,Q9NVI1
Q13315,Q9BXW9
Q13315,Q99741
Q13315,Q14674
Q13315,Q9UQ84
Q13315,Q9NUW8
Q13315,Q9NZQ7
Q13315,Q6PJP8
Q13315,Q96SD1
O75558,Q9UKT9
O75558,Q96GN5
O75558,Q96CS2
O75558,Q3B820
O75558,P53673
O75558,O95229
O43683,Q02224
O43683,Q9BZD4
O43683,Q12834
O43683,Q8NBT2
O43683,O95229
O43683,O60566
O43683,O60812
O43683,P53350
O43683,Q8NG31
O43683,Q13257
O43683,P51530
O43683,P06493
O95684,Q8N4C6
O95684,Q6ZU80
O95684,Q9HB58
O95684,Q13043
O95684,Q9C0D2
O95684,P53350
O95684,P0CG38
O95684,Q96NL6
O95684,Q9P209
O95684,Q5JTW2
O95684,Q96DN5
O95684,Q9BR77
O95684,Q66GS9
O95684,Q96M89
O95684,Q5T9S5
O95684,P38398
O95684,Q6UVJ0
O95684,P54132
O95684,P07948
O95684,Q9BT25
Q5T6S3,Q96JM3
Q5T6S3,Q9H5I1
Q5T6S3,Q8NEC7
O00425,P35249
O00425,P38398
O00425,Q08257
O00425,Q8IYD1
O00425,P19525
O00425,Q9NZI8
O00425,O14965
O60566,Q5FBB7
O60566,Q8NG31
O60566,Q12834
O60566,Q9H1A4
O60566,Q02224
O60566,O95816
O60566,P51587
O60566,Q15645
O60566,Q13257
O60566,P51955
O60566,P53350
O60566,Q96GD4
O60566,O95997
O60566,P20248
O60566,Q9BZD4
O60566,O95229
Q5FBB7,Q9NQS7
Q5FBB7,Q96FF9
Q5FBB7,Q9H6R7
Q5FBB7,Q96GD4
Q5FBB7,Q99661
A2VDJ0,P52732
Q9UL17,Q9ULM2
P20648,P51164
P20648,Q86YB8
P20648,Q53HL2
Q00653,Q04864
Q00653,Q13285
Q00653,Q13114
Q00653,Q8NI38
Q00653,Q92731
P21854,Q96M94
P21854,Q8WV28
P21854,P29350
P28749,P38398
P28749,Q15329
P28749,Q01094
P28749,Q96GN5
P28749,Q9HC98
P28749,Q5TKA1
P28749,P62805
P28749,Q00534
Q9H6R7,Q9Y2X9
P43005,Q13291
Q13291,Q9NVH2
Q13291,Q495W5
Q13291,Q9H0H0
Q13291,Q14146
Q13291,Q92918
Q13291,Q14CZ7
Q13291,Q9Y619
Q13291,Q9H583
Q13291,Q9NZ08
Q70UQ0,Q96NB2
Q70UQ0,Q96F07
P20248,Q7Z2Z1
P20248,Q86T82
P20248,Q9H211
P20248,P30304
P20248,P33552
P20248,P30307
P20248,P39748
P20248,P61024
P20248,Q00534
P20248,Q13111
P20248,P28749
P20248,P38398
P20248,Q01094
P20248,Q99741
P20248,Q99640
P20248,Q13257
P20248,Q8NG08
P20248,Q12834
P20248,Q13352
P20248,P51587
P20248,Q13415
P20248,Q13309
P20248,P62805
P20248,P62807
P20248,Q96DY7
P20248,Q9UII4
Q13257,Q92731
Q13257,Q15645
Q13257,Q562F6
Q13257,Q9H1A4
Q13257,Q8TBZ6
P30550,P33981
P49450,Q9H3R5
P49450,Q92674
P49450,Q8NCD3
P49450,Q96GD4
P49450,Q71F23
P49450,Q9NYP9
P49450,Q8NEM2
P49450,P49736
P49450,Q13111
P49450,Q9NSV4
P49450,P62805
P49450,Q02241
P49450,Q9BS16
P49450,Q9NSP4
P49450,P68431
Q16763,Q9H1A4
Q16763,Q9NZI8
Q16763,Q9UKT4
Q16763,Q9ULW0
O75530,Q96SI9
O75530,P62805
O75530,P0C0S8
O75530,P15498
O75530,P53350
O75530,P40937
O75530,Q15910
O75530,Q9UH17
O75530,Q9H583
O75530,Q00059
O75530,Q03252
O75530,Q9UNX4
O75530,Q14526
O75530,P13612
O75530,Q96T37
O75530,O95235
O75530,P26010
O75530,Q8IXT5
O75530,Q5T6S3
O75530,Q8TEM1
O75530,O95239
O75530,P38398
O75530,P62314
O75530,P20700
O75530,P68431
Q86WV1,Q9UJA3
Q86WV1,Q9H9Y6
Q86WV1,Q96IC2
Q86WV1,Q8IZT6
Q86WV1,Q9UNY4
Q13111,Q13112
Q13111,Q99684
Q13111,Q71DI3
Q13111,Q9BXS6
Q13111,Q9UBU7
P41180,Q8TCG2
Q00059,Q8NHV4
Q00059,Q9UKE5
P19525,Q9NX58
P19525,P20248
P19525,Q96FF9
P19525,P49736
P19525,P42224
P19525,Q96SI9
P19525,Q8WTT2
Q5TB30,Q6UWB1
P05362,Q9HAV5
P05362,P16402
P05362,Q71DI3
P05362,Q99880
P05362,P62807
P05362,P33778
P05362,P06899
P05362,P62314
P05362,P20701
P05362,P18440
P05362,P16150
P05362,Q99877
P05362,P23527
P05362,Q99879
P05362,Q93079
P05362,P31785
P05362,P68431
Q7Z7A1,Q9BT25
Q7Z7A1,Q8WYJ6
Q7Z7A1,Q96DN5
Q7Z7A1,Q9NYZ3
Q7Z7A1,Q8WWK9
Q7Z7A1,Q8NHV4
Q7Z7A1,Q96M89
Q7Z7A1,Q9P1F3
Q7Z7A1,Q96GD4
Q7Z7A1,Q92731
Q7Z7A1,Q99550
Q7Z7A1,Q8N4C6
Q7Z7A1,Q9UNY4
Q9H0H5,Q9H8V3
P06493,Q12834
P06493,Q9H3K6
P06493,P30304
P06493,Q15398
P06493,Q9H211
P06493,P30307
P06493,Q8TEM1
P06493,Q13309
P06493,Q9UKT4
P06493,P13612
P06493,P20248
P06493,Q15003
P06493,Q96Q89
P06493,P62805
P06493,P46013
P06493,Q96FF9
P06493,P09884
P06493,P31350
P06493,P11388
P06493,Q53EZ4
P06493,P52732
P06493,P18754
P06493,P20700
P06493,Q01094
P06493,P10415
P06493,P19525
P06493,Q99640
P06493,P41002
P06493,Q69YH5
P06493,Q16667
P06493,Q99741
P06493,Q99728
P06493,Q96GD4
P06493,P07948
P06493,P33076
P06493,Q06413
P06493,Q08050
P06493,P16402
P06493,P24864
P06493,Q15910
P06493,Q96R06
P06493,Q9H0H5
P06493,Q8N3C0
P06493,Q15021
P06493,P38398
P06493,Q13112
P06493,P33991
P06493,P14635
P06493,P51587
P06493,P39748
P06493,Q14674
P06493,Q9NQS7
P06493,P16401
P06493,P61024
P06493,Q70EL2
P06493,Q9BPX3
P06493,P33552
P06493,Q9H8V3
P06493,Q14005
P06493,P33778
Q6S8J3,Q6UWB1
Q96F07,Q9P2A4
Q16719,Q9BYZ2
Q16719,Q8TEM1
O14862,Q9NUX5
O14862,P19525
O14862,Q8IXT5
O14862,Q9H2Z4
O14862,Q5T5X7
O14862,Q96SI9
O14862,P42167
Q9BZW8,Q9H583
Q96BR6,Q96DN2
O75792,P62807
O75792,Q06609
Q96GD4,Q9BZD4
Q96GD4,Q9NQS7
Q96GD4,Q9H0H5
Q96GD4,Q99728
Q96GD4,Q9ULW0
Q96GD4,Q9NZJ0
P17482,Q9H8V3
P17482,Q8IY92
P17482,Q9UMS5
P17482,P62807
Q92731,Q9NX58
Q92731,Q9Y6Q9
Q92731,Q9H361
Q5BKT4,Q9H5K3
O00221,O95816
O00221,Q04864
O00221,Q8IX90
O00221,P01583
O00221,Q00653
Q9BXL7,Q9UDY8
Q9BXL7,Q9UMW8
Q96C86,Q9BRX5
Q96C86,Q9BRT9
Q3MHD2,Q96IR7
Q13114,Q96RJ3
Q13114,Q9H171
Q13114,Q9Y2R2
Q13114,Q9Y228
Q13114,Q9NRW3
Q13114,Q9NR96
Q13114,Q9HAV5
Q13114,Q13489
Q13114,Q9BWF2
P20851,Q9Y619
P25445,P29350
P25445,Q3SY69
P25445,Q13114
P25445,Q06187
P25445,Q9H0H0
O15067,Q96C86
O15067,Q06203
O15067,Q9BRX5
O15067,P22234
P52292,Q9H211
P52292,Q13077
P52292,Q96DA2
P52292,Q9GZX7
P52292,Q69YH5
P52292,Q02548
O95067,O96020
O95067,Q8N4C6
O95067,P14635
O95067,P61024
O95067,P49736
O95067,Q6ZU80
O95067,Q6ZW49
O95067,Q9NSV4
O95067,P06493
O95067,P30307
O95067,Q99640
O95067,P33552
O96020,P61024
P33981,Q66GS9
P33981,Q6ZU80
P33981,Q9BZD4
P33981,Q53HL2
P33981,Q12834
P33981,Q7Z7A1
P33981,Q8N4C6
P33981,Q96GD4
P33981,Q9UII4
P33981,Q8NBT2
P33981,Q8NG31
P33981,Q14674
P33981,Q8NBT0
P33981,Q9HC77
P52945,Q96RG2
P20591,P54132
Q13287,Q86XK3
Q13287,Q9NP50
Q13287,Q8N3L3
Q8N3J3,Q96GW9
O75694,Q8IY92
O75694,P38398
O75694,Q66GS9
P42224,Q8TDB6
P42224,Q6UWB1
P42224,Q8IYD1
P42224,Q9Y275
P42224,Q13043
P42224,Q13287
P42224,Q30154
P42224,Q13315
P42224,Q71DI3
P42224,P55318
P42224,Q01094
P42224,P48551
Q8NBT0,Q8WWK9
Q8NBT0,Q9NYZ3
Q8NBT0,Q9H3R5
Q86W54,Q8IYQ7
Q86W54,Q9P209
O95136,Q9H5K3
P35244,Q9BRT9
P35244,Q460N5
P35244,Q99853
P35244,Q9H9A7
P35244,Q9NTJ3
P35244,Q2NKX8
P35244,P55318
P35244,Q9UNS1
P35244,Q14527
P35244,P49736
P35244,Q6PCD5
P35244,Q9HAW4
P35244,Q96T37
P35244,P49642
P35244,P40938
P35244,Q96SI9
P35244,Q06609
P35244,Q8TDB6
P35244,P40937
P35244,Q02548
P35244,Q9BVW5
P35244,P51530
P35244,Q9UNX4
P35244,Q8NG08
P35244,Q9ULW0
P35244,Q86T82
P35244,P35249
P35244,P54132
P35244,Q9H9Y6
Q9BRT9,Q9BVW5
Q9BRT9,Q9BRX5
Q9BRT9,Q9Y248
O96028,Q71DI3
O96028,Q96HE9
O96028,P62805
O96028,Q9P219
O96028,P68431
O96028,Q9NZJ0
O96028,P52732
Q96NL6,Q9NYP9
Q96NL6,Q9H3R5
Q8IZF4,Q9H5K3
Q8IZF4,Q9Y5Y0
Q13352,Q9BXW9
Q13352,Q92674
Q13352,Q7L2Z9
Q13352,Q9BS16
Q13352,Q14181
Q13352,Q71F23
O75419,Q9Y5N6
O75419,Q53EZ4
O75419,P33991
O75419,Q7L590
O75419,P49736
O75419,Q9BRT9
O75419,P09884
O75419,P42771
O75419,Q14566
O75419,P68431
O75419,P51587
O75419,Q9HAW4
O75419,Q13415
O75419,P28340
Q6BDS2,Q96T88
Q6BDS2,Q8NHV4
P04183,Q9HB58
P04183,Q8IVF5
P04183,Q01094
P04183,Q14141
P04183,Q15910
P04183,Q8IY92
P04183,Q9HAV5
P04183,P06493
P04183,P11926
P04183,Q12834
P04183,P46013
P15153,Q92608
P15153,P42768
P15153,Q6P589
P29350,Q86UP6
P29350,Q7Z6A9
P29350,Q99704
P29350,Q8WV28
P29350,P40259
P29350,P31994
P29350,Q96DU3
P29350,Q9BZW8
P29350,Q9UGN4
P29350,Q9BXR5
P29350,Q6P5R6
P29350,Q02556
Q02224,Q96BD8
Q02224,Q9BZD4
Q02224,Q8N4C6
Q02224,Q13515
Q96BD8,Q96GD4
Q14CZ7,Q9UQV4
Q14CZ7,Q6UB35
Q96MN5,Q9NS91
P05771,Q8IV61
P05771,P16401
P05771,P13796
P05771,P26010
P05771,Q8NEM2
P05771,P11388
P05771,P20700
P05771,P14598
P05771,P48551
P05771,P68431
P05771,P48736
P05771,P46013
P05771,Q06187
P05771,P41180
P05771,Q9BXL7
P05771,P07948
P05771,P06493
P05771,Q02742
P14635,Q99640
P14635,Q8N4C6
P14635,Q96GN5
P14635,P61024
P14635,Q86T82
P14635,P41002
P14635,Q06413
P14635,Q9H211
P14635,P30304
P14635,Q12834
P14635,Q13309
P14635,Q14674
P14635,P33552
P14635,Q99741
P14635,P38398
P14635,P16401
P14635,Q9NSV4
P14635,P20248
P14635,Q9UII4
P14635,P30307
P14635,P53350
P14635,Q7Z7A1
P14635,Q6ZU80
P14635,Q08050
Q8IY92,Q9BXW9
Q8IY92,Q9H816
Q8IY92,Q9BRP1
Q8IY92,Q96AY2
O00139,Q99661
O00139,Q96BD8
O00139,Q13043
O00139,Q8IZT6
O00139,P10242
O00139,Q9H6R7
O00139,P33981
O00139,O00444
O00139,P57727
Q9NR55,Q9Y2D1
Q9NR55,Q9NS91
O75330,Q13007
O75330,Q8N4C6
O75330,P38398
O75330,Q9ULW0
Q13568,Q9NPF7
Q9BXL8,Q9UBL6
Q9BXL8,Q9H5I1
Q96M11,Q9BT25
Q7Z614,Q9Y6A5
P16402,Q9NX58
P16402,P33992
Q96EY4,Q9NX58
Q6SJ93,Q9Y6A5
O43482,Q7Z4H7
O43482,Q9Y6A5
O43482,Q9BZD4
O43482,Q9NYP9
O43482,Q9NPD8
O43482,P49450
O43482,Q15910
O43482,Q6P0N0
O43482,Q8NCD3
P32322,Q14CZ7
Q96R06,Q9BSJ6
Q96R06,Q99728
Q96R06,Q9P209
Q96R06,Q9Y5N6
P53350,Q14566
P53350,Q7L2Z9
P53350,Q9H8V3
P53350,Q53EZ4
P53350,Q99741
P53350,P54132
P53350,Q5FBB7
P53350,Q02241
P53350,Q96FF9
P53350,Q8N4C6
P53350,Q99640
P53350,Q9NYP9
P53350,Q8IZT6
P53350,Q12834
P53350,Q13410
P53350,Q9H6R7
P53350,Q71F23
P53350,Q9HAW4
P53350,Q38SD2
P53350,Q8N8A2
P53350,Q6ZU80
P53350,Q2NKX8
P53350,Q9UKT4
P53350,Q9NZJ4
P53350,Q9NYZ3
P53350,Q9HC77
P53350,Q9H0H5
P53350,Q96R06
P53350,Q66GS9
P53350,Q86T82
P53350,Q9NQS7
P53350,Q8IY92
P53350,Q7Z7A1
P53350,Q99661
P53350,Q6PGQ7
Q07617,Q8N5I9
P10242,Q9UNY4
P10242,Q02548
P10242,Q5TKA1
P10242,Q13309
Q9NVH2,Q9NVM9
O43663,P06493
O43663,P13284
O43663,O95239
O43663,P24864
O43663,Q9H0H5
O43663,Q08050
O43663,Q96B97
O43663,Q02224
O43663,P53350
O43663,P62807
O43663,P14635
O43663,P20248
O43663,P68431
O43663,Q02241
P32942,Q9BYC5
Q99575,Q99661
Q8N3L3,Q8TC20
Q8N3L3,Q96EA4
P13284,Q8WUY9
P13284,P38398
P51955,Q3B7T1
P51955,Q13257
P51955,Q9H1A4
P51955,Q12834
P51955,Q13515
P51955,Q6PH81
P51955,Q5T7B8
Q8IWS0,Q92611
Q8IWS0,Q9NX58
P57081,P62805
O75771,P54132
O75771,Q06609
O75771,Q13422
O75771,Q8IYX8
O75771,Q9UKT9
O75771,Q9BX63
Q8TCE9,Q9UKT9
Q8TCE9,Q96R06
Q6ZU80,Q8TCG1
Q6ZU80,Q86W54
Q6ZU80,Q7Z7A1
Q6ZU80,Q96M89
Q6ZU80,Q8N6V9
Q6ZU80,Q7Z4H7
Q6ZU80,Q8IYB1
Q6ZU80,Q8N4C6
Q6ZU80,Q9UNY4
Q6ZU80,Q9P209
Q6ZU80,Q96CS2
Q6ZU80,Q96NL6
Q6ZU80,Q8NHV4
Q6ZU80,Q99550
Q6ZU80,Q96DN5
Q6ZU80,Q8N3C0
Q6ZU80,Q9BR77
Q6ZU80,Q9BT25
P51451,P62314
P42081,P62805
P13232,P31785
Q14181,Q8NG08
Q14181,Q15910
Q8N4C6,Q8WWK9
Q8N4C6,Q8NBT2
Q8N4C6,Q96M89
Q8N4C6,Q9NSV4
Q8N4C6,Q8NHV4
Q8N4C6,Q96CS2
Q8N4C6,Q9BT25
Q8N4C6,Q9UNY4
Q8N6L0,Q9Y228
Q8N6L0,Q96JW4
Q8N6L0,Q96Q77
O00311,Q7L590
O00311,Q13415
O00311,Q9UBU7
O00311,Q9Y5N6
O00311,P42771
O00311,Q14566
O00311,P49736
O00311,Q9HAW4
O00311,Q9HC77
O00311,Q13111
O00311,Q9NS91
O00311,P33991
O00311,P33992
O00311,Q8NFT6
Q8TEM1,Q9UK39
P78395,Q9BUN5
P36551,Q96RR1
P36551,P38398
P36551,P49736
Q9BWF2,Q9Y253
Q9BWF2,Q9UBT6
P30307,P38398
P30307,P53350
O95816,P35244
O95816,Q9GZX7
O95816,Q13077
O95816,Q00653
O95816,Q9H967
O95816,Q9BYT3
O95816,P78395
O95816,P59047
O95816,Q15468
O95816,Q38SD2
O95816,P33992
O95816,P49736
P19544,Q15910
P28340,Q9BRT9
P28340,Q15054
P28340,Q9BPX3
P28340,P35244
P28340,Q9UBT6
P49454,Q71F23
P49454,Q9Y253
P49454,Q02224
P49454,Q96FF9
P49454,Q96EY4
O95229,Q8NG31
O95229,Q8NBT2
O95229,Q13257
O95229,Q9HC21
O95229,Q9C035
O95229,P20700
O95229,Q8NHV4
O95229,Q9BZD4
O95229,P42167
Q06413,Q13309
Q06413,Q9P267
Q06609,Q14565
Q06609,Q14114
Q06609,Q9NWS1
Q06609,Q9UBT6
Q06609,Q6PCD5
Q06609,Q99728
Q06609,Q9GZX7
Q06609,Q6PIW4
Q06609,Q96B01
Q06609,Q86XK3
Q06609,Q13007
Q06609,Q13315
Q06609,Q9NS91
Q06609,Q9BXW9
Q06609,Q5FBB7
Q06609,Q92698
Q14565,Q96B01
Q6UWB1,Q9BTX1
P06899,P42224
P06899,P49736
P06899,Q562F6
P06899,Q8TDB6
P06899,Q8IZT6
P06899,P33992
P20700,Q03252
P20700,Q14680
P20700,P42167
P20700,Q14146
P20700,Q96RG2
P20700,Q15003
P20700,P49736
P20700,Q06609
P20700,P35244
P20700,P38398
O75717,P09884
O75717,Q86T82
O75717,Q9BRX5
O75717,Q9H8V3
O75717,Q8NC67
O75717,Q9BRT9
O75717,Q71DI3
O75717,P35244
O75717,Q6ZW49
O75717,P51530
P09884,Q14181
P09884,P49736
P09884,Q3SY69
P09884,Q86WV1
P09884,P49642
P09884,P49643
P09884,Q96GN5
P09884,P35244
P09884,Q9BRT9
P09884,Q8NG08
P09884,Q99741
P09884,P24864
P09884,P20248
P09884,P14635
P09884,Q15054
P43119,Q8NB49
Q9H211,Q9Y5N6
Q9H211,Q9NZJ0
Q99741,Q9H211
Q99741,Q9UQV4
Q99741,Q9Y5N6
Q99741,Q9UJA3
Q9H078,Q9UNY4
P17040,Q9UL58
P17040,Q3MJ62
P14317,P22001
P14317,P42768
P14317,P24278
P14317,Q92918
Q15645,Q96L50
Q15645,Q9NZF1
Q15645,Q96LM6
Q15645,Q8TCG2
Q15645,Q96FJ0
Q15645,Q9H8V3
Q15645,Q8N1A6
Q15645,Q969Q4
Q15645,Q9H825
Q02548,Q38SD2
Q02548,Q96RR1
Q02548,Q9UNY4
O00182,P13612
O00182,P19256
O00182,Q8NB49
O00182,P20701
O14746,Q9NUX5
O14746,Q9UPY5
O14746,Q9BTP7
O14746,Q9NVN8
Q7Z2T5,Q99728
Q7Z2T5,Q99986
Q96JZ2,Q9BYZ2
Q7Z4H7,Q8NHV4
Q7Z4H7,Q9BT25
Q7Z4H7,Q8N4C6
Q7Z4H7,Q9HC77
Q7Z4H7,Q96CS2
Q7Z4H7,Q7Z7A1
Q7Z4H7,Q9BZD4
P16401,P68431
P16401,Q14680
P16401,Q96HA7
P16401,P17040
P16401,P20248
P16401,Q13287
P16401,P24864
P04818,P13612
P04818,Q9UKE5
P04818,Q06203
Q96GN5,Q9Y228
Q96GN5,Q99741
Q96GN5,Q96T49
P01589,P05362
P01589,P31785
P01589,Q96RG2
P01589,P14784
O14777,O43683
O14777,Q8NBT2
O14777,P53350
O14777,Q86XK3
O14777,Q96BD8
O14777,O95229
O14777,O14965
O14777,Q8NG31
O14777,P33981
O14777,Q9BZD4
O14777,Q96GD4
O14777,Q6ZNE9
O14777,Q9H211
O14777,Q13257
O14777,O60566
O14777,P51955
O14777,Q02224
O14777,P14635
O14777,Q96CS2
O14777,Q9H3R5
O14777,O75558
P35249,P40938
P35249,Q92731
P35249,P40937
P35249,Q96QE3
P35249,Q9BVC3
P35249,P78395
P35249,P38398
P35249,Q6ZW49
P35249,Q13285
Q08050,Q9UII4
Q08050,Q9H8V3
Q08050,Q5TKA1
Q08050,Q7Z2T5
Q08050,Q8NI77
Q08050,Q5TB30
Q96CS2,Q9BT25
Q96CS2,Q9HC77
Q96CS2,Q96R06
Q562F6,Q99661
Q96RG2,Q96SD1
Q02241,Q9H8V3
Q02241,Q96B97
Q02241,Q8NEM2
Q02241,Q9H0H5
Q02241,Q96NL6
Q02241,Q53EZ4
O43463,P49643
O43463,Q6P1K8
O43463,Q15910
O43463,Q14005
O43463,Q96T88
O43463,Q9BYZ2
O43463,Q71DI3
O43463,Q86W54
O43463,P52732
O43463,Q9H0H0
O43463,Q56NI9
O43463,Q3KNS6
O43463,Q13761
O43463,P68431
O43463,Q9UDY8
O43463,P24588
O43463,Q9BXL8
O43463,Q8NFT6
O43463,Q5T6S3
O43463,Q8IYM2
O43463,O75558
O43463,P28749
O43463,Q8N988
O43463,Q9BS34
O43463,Q96GN5
Q9UNY4,Q9Y6A5
P05161,P20591
P05161,P09914
P05161,P09913
P05161,Q5VUA4
P05161,Q9Y2X9
P05161,Q9UII4
P05161,P42224
P05161,P19525
P05161,Q9BYK8
P05161,P11388
P05161,Q9UMW8
Q8IZT6,Q8NBT2
P09326,Q9BZW8
O43516,P42768
O43516,P14317
O43516,Q96B97
P49643,Q14181
P49643,Q86T82
P0CG38,Q16850
P0CG38,Q9Y253
P0CG38,Q6PIW4
P0CG38,Q13422
Q16850,Q5T2D2
Q8IYB1,Q9HC77
Q8IWV1,Q96FJ0
Q8TC20,Q96CS2
Q01151,Q8TCG1
Q01151,Q9NSG2
O14893,P62314
O14893,Q8WXD5
O14893,P62312
P04908,P13612
P04908,Q15645
P04908,P33778
P04908,P33992
P04908,P06493
P04908,P19525
P04908,Q15910
P04908,P57081
P04908,Q96HA7
P04908,P06899
P04908,Q9BXW9
P04908,Q92918
P04908,P68431
P04908,Q96T88
P04908,P49736
P04908,P38398
P04908,P49450
P04908,P62805
P42768,Q9Y2R2
P42768,Q06187
P42768,Q9P2A4
P42768,P52292
P42768,Q96RU3
P61024,Q9H211
P61024,Q99640
P61024,Q04864
P61024,Q13422
P61024,Q12834
P61024,Q13309
Q6UB35,Q9HC98
O94986,Q66GS9
O94986,Q6UVJ0
O94986,Q9UNY4
O94986,Q6ZU80
O94986,Q15058
O94986,Q9P289
O94986,Q6UB35
O94986,Q9NX58
O94986,Q13568
O94986,Q7Z7A1
O94986,Q7Z4H7
O94986,O95347
O94986,P33981
O94986,Q96M89
O94986,Q9HC77
O94986,Q9BT25
O94986,O95684
O94986,Q8NHV4
P11912,P40259
P11912,Q8WV28
P11912,P14317
P11912,P15391
P11912,Q9UK39
P11912,P51451
P11912,P29350
Q38SD2,Q92918
Q38SD2,Q7L591
Q38SD2,Q8WWK9
O43309,P07205
Q7L591,Q8WV28
Q7L591,Q9H977
Q7L591,Q99704
P25942,Q04864
P25942,P40937
P25942,Q13114
P25942,Q13077
P25942,Q13489
Q9H816,Q9NUX5
Q13309,Q9UJA3
Q13309,Q15468
Q13309,Q9H211
Q13309,Q96GD4
Q13309,Q9H1A4
Q13309,Q9UMW8
Q13309,Q13415
Q13309,Q99853
Q13309,Q99728
Q13309,Q13315
Q8NBT2,Q9BZD4
Q8NBT2,Q96BD8
Q8NBT2,Q8NG31
Q99853,Q9NTJ3
Q99853,Q99856
Q99853,Q9H583
P40938,Q13415
P40938,Q9BVC3
Q15468,Q8NHV4
Q15468,Q9UGP4
Q15468,Q9HC77
Q15468,Q6UVJ0
Q15468,Q8IYB1
Q6UVJ0,Q8NHV4
Q6UVJ0,Q96M89
Q6UVJ0,Q9P1F3
Q6UVJ0,Q9BT25
Q6UVJ0,Q7Z4H7
Q6UVJ0,Q96CS2
Q6UVJ0,Q9HC77
O00463,Q13114
O00463,P43489
O00463,P19525
O00463,Q9BWF2
O00463,Q02223
O00463,Q07011
O00463,Q13287
O00463,O14836
O00463,P25942
O00463,P26842
O00463,P28908
O00463,P50453
P01374,Q9HAW4
O15524,Q15910
O15524,Q9P1W9
O15524,Q13315
O15524,P14784
O15524,P52735
O15524,O60759
O15524,P06239
O15524,P15498
O15524,P42680
Q8IYX8,Q96CS2
Q8IYX8,Q8N3L3
O75469,Q9Y6Q9
O75469,Q15466
P55318,Q9NRZ9
P55318,Q03252
P55318,Q16842
P55318,Q9BPX3
Q9H8V3,Q9NS91
A1L190,Q8N4C6
A1L190,O95229
A1L190,Q9H3R5
A1L190,Q2Q1W2
A1L190,Q9Y448
A1L190,Q6ZN16
A1L190,Q7Z7A1
A1L190,Q96CS2
A1L190,Q96R06
A1L190,Q96NL6
A1L190,Q02224
A1L190,Q6UVJ0
Q00534,Q9ULW0
Q00534,Q8IZC7
Q00534,Q99741
Q00534,Q08050
Q00534,Q7L590
Q00534,Q15910
P08575,P40259
P08575,P42768
P08575,P29350
P08575,P42680
P08575,P20273
P08575,P11912
P08575,Q13291
P08575,Q9BZW8
P08575,P20701
P08575,Q86WV1
P39748,P54132
P39748,Q13043
P39748,Q9GZX7
P39748,P55318
P39748,Q96AY2
P39748,Q6ZW49
P39748,Q9BPX3
P39748,P57081
P39748,Q9H967
P39748,Q99986
P39748,P46063
P39748,P51530
Q8IYD8,Q9NVI1
Q8IYD8,Q9H8V3
Q8IYD8,Q96AY2
Q8IYD8,Q9BTP7
Q8IYD8,Q9H9A7
Q8IYD8,Q8NB91
Q8IYD8,Q96E14
Q8IYD8,Q9NPI8
Q9BT25,Q9HC77
Q9NPI8,Q9Y248
A6NJ78,Q9UQV4
A6NJ78,P11912
A6NJ78,Q15645
A6NJ78,P32970
P24864,Q08050
P24864,Q13309
P24864,Q9UII4
P24864,Q96GN5
P24864,Q01094
P24864,P51587
P24864,Q99741
P24864,Q04864
P24864,P28749
P24864,P33552
P24864,P28340
P24864,Q9H211
P24864,P61024
P24864,P38398
P24864,P30304
P24864,Q00534
P24864,P62805
P24864,Q14207
Q99661,Q9NTJ3
Q99661,Q9H3R5
Q13415,Q99741
Q13415,Q9UBU7
Q13415,Q8IWS0
Q13415,Q96GN5
Q13415,Q14566
Q13415,Q9H211
Q70EL2,Q8IY92
Q15771,Q6BDS2
Q15058,Q6ZU80
Q15058,Q9NZQ7
Q15058,Q9HC77
Q15058,Q8N4C6
Q15058,Q7Z7A1
Q15058,Q66GS9
Q460N5,Q8TDB6
Q12834,Q9UKT4
Q12834,Q6ZU80
Q12834,Q13257
Q12834,Q8NG31
Q12834,Q9H1A4
Q12834,Q6ZW49
Q12834,Q96GD4
Q12834,Q99741
Q12834,Q9HAW4
Q12834,Q8NI77
Q12834,Q4G163
Q12834,Q96C86
Q12834,Q16763
Q12834,Q86T82
Q12834,Q15645
Q12834,Q13309
Q12834,Q9H211
Q9H967,Q9NRZ9
Q03252,Q99853
P46013,Q15910
P46013,P49736
P46013,Q92731
P46013,Q96RG2
P46013,Q9NS87
Q92918,Q9BXL7
Q92918,Q9UN19
Q13576,Q99853
Q96FJ0,Q9P209
Q96FJ0,Q9NYZ3
Q96FJ0,Q9UKT9
Q8IX90,Q8NBT0
Q8IX90,Q8NBT2
Q8IX90,Q96BD8
Q8IX90,Q9H8V3
Q8IX90,Q96GD4
P52732,Q86YA3
P52732,Q9Y6A5
P52732,Q9C0D2
P52732,Q96KP6
P52732,Q9ULC5
P52732,P68431
Q96HA7,Q99880
P21580,Q96KP6
P21580,Q13077
P21580,Q13489
P21580,P52732
P21580,Q9C035
P21580,Q9UDY8
P21580,P23378
P21580,Q00653
P21580,Q14566
P21580,Q13571
P62070,Q13114
Q13761,Q9HB58
Q13761,Q9BXW9
Q13761,Q9NVI1
Q13761,Q15910
P28908,Q13077
P28908,Q99741
P28908,Q13114
P28908,Q9H0H5
P28908,Q9BTX1
P28908,Q9BWF2
Q13268,Q9Y6A5
P29083,P38398
A6NHT5,Q96FJ0
P18545,Q96RU3
A5A3E0,P00813
A5A3E0,P05538
A5A3E0,P09093
A5A3E0,Q8NBT0
A5A3E0,Q14565
P29459,P29460
P29459,Q14213
P29459,Q13568
P29459,P42701
P29459,Q96EA4
P29459,Q99665
P42701,Q9NPF7
P42701,Q99665
P42701,Q5VWK5
P30304,Q9NSA1
P30304,Q12834
P30304,Q16667
Q15466,Q9Y6Q9
Q15466,Q92731
Q9P289,Q9UKT9
Q9P289,Q9UKE5
Q9P289,Q9Y228
Q9HC21,Q9Y2R2
P30532,Q8IZF4
P30532,Q13291
Q96MF2,Q9H977
Q9BXW9,Q9NVI1
Q9BXW9,Q9Y253
Q9BXW9,Q9Y275
Q9BXW9,Q9NPD8
Q9BXW9,Q9NS91
Q9BXW9,Q9H816
Q8NI77,Q96AY2
Q14566,Q96HA7
Q14566,Q86T82
Q14566,Q9H8V3
Q14566,Q9UJA3
Q14566,Q6ZRQ5
Q14566,Q9BRX5
Q14566,Q9UBU7
Q14566,Q6ZW49
Q14566,Q9Y5N6
Q14566,Q99728
Q14566,Q9BXW9
Q14566,Q7L590
Q14566,Q9H211
Q14566,Q99741
Q14566,Q96KP6
Q14566,Q3B820
Q14566,Q9BVW5
Q14566,Q9UBT6
O60711,Q9Y2X9
O60711,P13612
O60711,Q9UGP4
O60711,Q8N3L3
P40937,Q9HC77
P40937,Q96QE3
P40937,P40938
P40937,Q9H8V3
P40937,Q9BVC3
Q16548,Q96LC9
O14788,P53350
O14788,Q15910
Q86T82,Q9H1A4
Q86T82,Q9BX63
Q86T82,Q9NYP9
Q86T82,Q8ND82
Q86T82,Q9H211
O15360,P33992
O15360,P20591
O15360,Q9H9A7
O15360,P51955
O15360,P06493
O15360,Q06609
O15360,Q9BTP7
O15360,Q9NPI8
O15360,Q8NB91
O15360,O75771
O15360,P54132
O15360,P38398
O15360,P11912
O15360,Q8IYD8
O15360,Q02224
O15360,Q9BXW9
O15360,Q96E14
Q8IWZ5,Q96GN5
Q8IWZ5,Q9UKT9
Q14213,Q6UWB1
P33991,Q86T82
P33991,Q96HA7
P33991,Q6ZRQ5
P33991,Q9Y5N6
P33991,P68431
P33991,P55318
P33991,Q9H211
P33991,Q7L590
P33991,P53350
P33991,Q9UBT6
P33991,P49450
P33991,P33992
P33991,Q13415
P33991,Q5FWF4
P33991,Q9UJA3
P33991,Q13043
P33991,Q9BXW9
P33991,P38398
P33991,P62805
P33991,Q14566
P33991,P49736
P33991,Q9UBU7
Q53HL2,Q71DI3
Q53HL2,Q99661
Q53HL2,Q9NQS7
Q53HL2,Q8NHV4
Q53HL2,Q96GD4
Q53HL2,Q5FBB7
Q53HL2,Q562F6
P49642,Q14181
P49642,P49643
Q9UKS7,Q9UKT9
Q9BV29,Q9NUX5
P11586,P49736
P11586,Q13043
P11586,P38398
P11586,Q9H9B4
P11586,Q9UKE5
P11586,P35244
Q7L2Z9,Q92674
Q7L2Z9,Q9NSP4
Q7L2Z9,Q9H3R5
Q7L2Z9,Q9BS16
Q92674,Q9NSP4
Q92674,Q9H3R5
Q9C030,Q9C035
P24588,Q9Y5S1
P24588,P68431
Q16520,Q9NR55
Q16520,Q9Y2D1
P28065,Q9Y6Q9
P28065,Q8TAA3
P14921,Q15782
P14921,Q16850
P14921,P38398
P14921,Q02548
P14921,Q00653
P14921,Q9Y6Q9
Q96DA2,Q9UQV4
P54132,Q9BX63
P54132,Q2NKX8
P54132,Q9H9A7
P54132,Q6ZW49
P54132,Q13111
P54132,Q96E14
P54132,Q02548
P54132,Q8IYD8
P54132,Q13315
P54132,Q9BXW9
P54132,Q9UQ84
P54132,Q06609
Q8NC67,Q9UHP7
Q9H583,Q9NZQ7
Q9H583,Q9Y275
Q9H583,Q9UQV4
O95347,Q9BPX3
O95347,Q86XI2
O95347,O96017
O95347,P42695
O95347,Q6ZW49
O95347,Q9HC98
O95347,Q99853
O95347,P35244
O95347,Q08050
O95347,Q9NTJ3
O95347,Q15021
O95347,Q71DI3
O95347,Q15003
Q9BPX3,Q9NTJ3
Q9BPX3,Q9Y275
Q9NYP9,Q9Y592
O00329,P48736
O00329,P11049
P53794,Q8IY92
P01562,P48551
P01562,P20023
P01562,P05161
P01562,P05013
P00813,P49736
P00813,P29274
Q9NS91,Q9UBU7
Q9NS91,Q9Y253
Q9NS91,Q9UBT6
Q9NS91,Q9NVI1
Q9NS91,Q9NZJ0
O00295,Q99728
O00295,Q14674
O00295,Q9BX63
O00295,P38398
O00295,Q14181
O43502,P42701
O43502,O43543
O43502,P51587
O43502,O75771
O43502,Q06609
P26842,Q13077
P26842,Q13114
P26842,P32970
P26842,Q96ER3
P30837,Q5FBB7
P30837,Q9H8V3
Q02080,Q06413
O95486,Q15645
O95486,Q9Y6A5
O95486,Q9H714
O95486,Q9NYZ3
Q9BS16,Q9H3R5
Q9BS16,Q9NSP4
O14836,Q13114
O14836,P32970
O14836,Q9Y275
P42695,Q9NTJ3
P42695,Q8IY92
P42695,Q6ZW49
P42695,Q86XI2
P42695,Q56NI9
P42695,Q86WV1
Q6ZRQ5,Q96HA7
P10244,Q13309
P10244,P24864
P10244,Q5TKA1
P10244,Q08050
P10244,Q01094
P10244,P20248
P10244,Q9UNY4
P10244,P41002
P10244,Q9BZD4
P10244,P28749
O43379,O94986
O43379,Q99661
O43379,Q8IZT6
O43379,Q02241
O43379,O95816
O43379,Q9Y6K0
O43379,Q92731
Q96RJ3,Q9Y275
Q9HAW4,Q9UNS1
P31350,Q96NL6
P31350,Q15468
P31350,P41002
P31350,Q8NBT0
P31350,P53350
P31350,Q13309
O14879,P01563
O14879,P09914
O14879,P09913
O14879,Q13114
O14879,P05161
O14879,P62314
O14879,O15360
O14879,Q96CS2
P01563,P48551
P01563,P05161
O14757,Q06609
O14757,Q9BZR8
O14757,Q30154
O14757,Q9NPD8
O14757,Q2NKX8
O14757,P30307
O14757,Q13315
O14757,Q9BXW9
O14757,Q9NZJ0
O14757,Q9H0H5
O14757,Q9UNS1
O14757,P30304
O14757,P54132
O14757,P15498
O14757,P06493
O14757,P38398
O14757,P51955
O14757,P09884
O14757,Q9HAW4
O14757,Q8IY92
Q86YN6,Q9Y261
Q9BX63,Q9H5K3
Q9BX63,Q9BXW9
P51587,Q99728
P51587,Q06609
P51587,Q96GD4
P51587,P53350
P51587,Q13315
P51587,Q14565
P51587,Q9BXW9
P51587,Q9Y253
P51587,Q9NVI1
Q96AY2,Q96T88
Q13489,Q6GPH4
Q13489,Q96F07
Q13489,Q9UDY8
Q13489,Q13568
P57727,Q8NC67
P57727,Q86Y07
O60942,P38398
O60942,Q99728
P00374,Q96GN5
P00374,Q99853
Q9H1A4,Q9UKT4
Q6PL18,Q9Y6Q9
O14763,P21580
O14763,P43005
O14763,Q9Y5Y0
O14763,P25445
O14763,O14836
P19256,P35249
O15514,O60942
O15514,P28065
O15514,P38398
Q15306,Q16520
P16885,P29350
P16885,P42768
P16885,P51451
P16885,Q9BZW8
P16885,P42680
P16885,Q06187
P16885,Q9GZY6
P16885,Q8WV28
Q8IUX4,Q9HC16
Q96T49,Q9UKT9
P54687,P54922
P54687,Q8IVW6
Q13515,Q96R06
Q8IVW6,Q9NUX5
Q8IVW6,Q99856
Q8IVW6,Q99853
Q99550,Q9HC77
P10147,P32302
P10147,P13236
P35236,P35244
Q9H0H0,Q9NVH2
Q9H0H0,Q9NVM9
Q9H0H0,Q9NZQ7
P42568,Q14566
P42568,Q00534
P19397,P19440
P14598,Q96RG2
Q6P0N0,Q9NYP9
Q8N988,Q9H5I1
Q8WXR4,Q92731
Q93086,Q9BYI3
Q8NEC7,Q9UN19
Q8NEC7,Q9H5I1
Q8TCG1,Q9NZQ7
P09913,P09914
P09913,P62314
P09913,Q9NR55
Q86XI2,Q9HC98
O00444,Q6UVJ0
O00444,Q9HC77
O00444,P42680
O00444,Q15468
O00444,Q8NHV4
O00444,Q0P6D6
O00444,P33981
O00444,P53350
O00444,Q6ZU80
O00444,Q66GS9
O00444,Q9H8V3
O00444,O94986
Q5JTW2,Q8IZT6
Q5JTW2,Q96RG2
P10747,P15498
P10747,P48736
P10747,P42081
P10747,P33681
P10747,P29459
P10747,Q99704
P29460,Q5VWK5
P29460,P42701
P29460,Q13568
P29460,P62805
P29460,Q99665
P29460,Q9NPF7
O75326,Q8NB49
O15315,O75771
O15315,O43502
O15315,P62805
O15315,Q06609
O15315,P62807
O15315,O43543
O15315,P68431
Q8N0S6,Q9NSP4
Q6XPS3,Q9BR77
Q6XPS3,Q9NSV4
Q6XPS3,Q96DN5
Q6XPS3,Q96CS2
Q6XPS3,Q9P209
Q6XPS3,Q96M89
O95073,Q9NP31
O95073,P16885
Q14592,Q9UJW2
Q14592,Q96DN2
Q13007,Q92731
Q13007,Q13315
Q8NG31,Q9Y253
Q8NG31,Q9BZD4
Q8NG31,Q8NI77
Q8WV28,Q92918
Q8WV28,Q96B97
P32970,Q9H0H0
P32970,Q13315
P32970,Q9NVN8
P32970,Q02223
P32970,Q9UNS1
P32970,Q5TB30
P09914,Q9NZI8
P09914,P62314
P32249,Q6PL24
P32249,Q6GPH6
Q14527,Q9NS91
Q14527,Q15120
Q14527,Q9NZJ0
P23527,P33992
P23527,P49736
Q8NDV3,Q96FF9
P33076,P48382
P33076,Q8IYM9
Q8NCD3,Q96RG2
Q8NCD3,Q9NYP9
P31785,Q13043
P31785,Q9Y5Y0
P31785,P40933
P31785,Q01113
P31785,P42224
P28715,Q13888
P28715,P38398
P28715,Q06609
P28715,P51587
P28715,Q9NZJ0
Q02223,Q9Y275
Q02223,Q13077
Q02223,Q9NVH2
Q02223,Q13114
Q9BRX5,Q9UNS1
Q9BRX5,Q9HAW4
Q9BRX5,Q9Y248
Q9BRX5,Q9BVW5
Q8NF50,Q9UBL6
Q8NF50,Q9BSJ6
P48551,Q9UMW8
O95997,Q12834
O95997,Q14674
O95997,P16885
O95997,P06493
Q8IXT5,Q96GD4
Q2NKX8,Q9H078
Q2NKX8,Q99728
Q2NKX8,Q9H9A7
O14986,Q06187
Q7L590,Q99741
Q7L590,Q86T82
Q7L590,Q9P209
Q7L590,Q96CS2
Q6PI48,Q9UQV4
Q6PI48,Q99853
Q14674,Q99661
P42680,Q06187
P42680,P42768
P42680,Q99704
P42680,Q9ULZ2
Q9NPD8,Q9P267
Q8WYJ6,Q96GD4
Q8WWK9,Q9HC77
P33778,P49450
P33778,Q96T88
P33778,P68431
P33778,Q9BXW9
P33778,P57081
P33778,P33992
P33778,Q8IWS0
P33778,P62805
P33778,Q00653
P33778,P49736
P62312,P62314
Q96E14,Q9H9A7
P23368,P49736
P33552,Q99640
P33552,Q12834
P33552,Q9H211
P33552,Q14674
P33552,P61024
Q96NM4,Q9BRT9
Q6PCD5,Q9NX58
P23378,Q96KP6
P23378,Q9BXR5
P0C0S8,Q15910
P0C0S8,P68431
P0C0S8,P49736
P0C0S8,P17040
P0C0S8,P33992
P0C0S8,P13612
O95235,P62807
O95235,Q53HL2
O95235,Q96GD4
O95235,P38398
O95235,Q13257
Q6ZNG0,Q96DN2
P46952,Q9NUX5
Q14990,Q9NPE6
Q14990,Q96R06
Q14680,Q9BZR8
P12104,P30837
P56282,Q04864
Q96HE9,Q9NX58
Q96HE9,Q99575
O60220,Q9H211
P50748,Q9UQV4
P50748,Q9H900
Q9H3R5,Q9HC77
Q5T5X7,Q99728
P06340,Q04864
P15391,P20273
P15391,P16885
P15391,Q99856
P15391,P15498
P15391,P40259
P15391,P20023
P15391,Q06187
P15391,P52735
P15391,Q9H8V3
P15391,P29350
P20273,P29350
P09093,Q12815
Q96DN5,Q9Y2R2
Q92187,Q95460
Q9BVW5,Q9UNS1
Q5FWF4,Q9UQV4
Q8IWR1,Q92731
Q8IWR1,Q8IZF4
P06734,P20023
P06734,Q460N5
O94855,Q02742
O94855,Q96B97
O94855,Q96EY4
O94855,O95486
Q14526,Q15910
Q14526,Q5T6S3
Q2TAA5,Q5T2D2
Q9BRP1,Q9UKP3
P22234,P38398
P22234,Q9Y6A5
P22234,Q9BRT9
P22234,P62807
P22234,P49736
P02778,P49682
P51530,Q9BXW9
P51530,Q6PGQ7
P51530,Q06609
Q6ZN16,Q9Y275
P11836,P25942
P11836,Q30154
P11836,Q8N6L0
Q8WYA1,Q96CS2
Q6WRX3,Q8IW36
Q9BQI6,Q9NS91
Q96CJ1,Q96MF2
P09086,Q16633
Q96M89,Q9Y2R2
Q96M89,Q96NL6
Q96M89,Q9HC77
Q9BZD4,Q9H3R5
Q9BZD4,Q9H211
P15907,P20273
P15907,Q96ER3
Q6PIW4,Q6ZWK4
Q6PIW4,Q9NSG2
Q8TDB6,Q9BPX3
P52564,Q13115
Q96Q77,Q9Y6A5
Q15021,Q9HC98
Q15021,Q9BPX3
Q15021,Q99853
Q15021,Q6ZW49
Q15021,Q9NTJ3
P01591,Q13043
P01591,Q9Y619
P01591,P11912
P01591,Q96D96
P56279,Q13315
P56279,Q13077
P56279,Q53EZ4
P56279,Q8N3L3
O43543,O75771
O43543,P54132
O43543,Q06609
O15492,P07948
Q9HBI0,Q9UBT6
P05019,Q01094
P04839,P15153
Q07108,Q6P6B1
Q86Y91,Q99661
Q86Y91,Q8N3L3
P41273,Q9H5K3
P41273,Q13077
P41273,Q6UWB1
P41273,Q07011
P41273,Q8IZF4
Q9ULM2,Q9Y2Y4
O14492,P07948
O14492,Q06187
O15182,O95229
O15182,Q6UVJ0
Q15003,Q99853
Q15003,Q8NBT0
Q15003,Q9BPX3
Q15003,Q9NTJ3
Q15003,Q96GD4
Q15003,Q15021
Q99986,Q9H0H5
Q15004,Q8IYD8
Q15004,Q96H79
P58215,Q6UW63
P58215,Q92611
P48736,Q8WYR1
P48736,Q70EL2
O43665,P30968
P04118,P16233
Q9H9A7,Q9NPI8
Q9NR96,Q9NX58
P05187,P10696
P05187,P35244
Q7Z3H4,Q96M94
P16150,Q96ER3
Q6F5E8,Q6ZW49
Q6F5E8,Q8N4C6
P51685,Q92583
O76061,P62805
Q8IVF5,Q9UKE5
Q9H900,Q9Y5X2
Q8WXH5,Q9BYZ2
Q8WXH5,Q9P1T7
Q8TD46,Q9BYC5
Q5T9S5,Q66GS9
Q5T9S5,Q6ZU80
Q5T9S5,Q6XPS3
O60759,P51451
Q96IR7,Q9BXS6
P26010,Q99704
P01574,P48551
Q86UX7,Q9HBI1
O43405,P08185
O94761,Q86WV1
O94761,Q96RG2
O94761,Q96DN2
O94761,Q06609
O94761,Q9NUX5
Q01892,Q15306
Q8WTT2,Q9GZL7
Q8WTT2,Q96HE9
P30559,Q96F07
P32302,Q9UK08
P33681,P42081
P33681,Q9NZQ7
Q6ZT21,Q9H5K3
Q6ZT21,Q9C0K1
Q86WI3,Q9BYX4
Q8NEM2,Q9H0H5
Q8NEM2,Q96B97
O95711,Q99467
Q15399,Q9Y2C9
Q15399,Q9BXR5
Q15399,Q9NR96
Q53R41,Q9UQV4
Q53R41,Q9UHP7
P10243,Q5TKA1
Q8NB91,Q9NPD8
Q8NB91,Q9BTP7
Q969Q4,Q96EF0
O95379,Q96CG3
Q08623,Q8TBE9
O75081,O95486
P13674,P55318
P04053,Q04864
Q07011,Q13114
Q07011,Q96L50
Q07011,Q13077
P20701,P32942
P11049,P48736
P11049,P29350
B0I1T2,P02786
P40933,Q13114
Q9BYJ4,Q9C035
O95239,Q9UNY4
O95239,P62807
O95239,P51587
P53673,Q9UKT9
P13236,P51685
P13236,P32302
Q6P6B1,Q96AZ6
P41002,Q99741
P41002,Q9BXS6
Q13794,Q16548
P22301,P48551
P22301,Q13568
O43557,Q13114
Q14691,Q9Y248
Q14691,Q9BRX5
Q14691,Q9BRT9
Q14691,Q9BVW5
O14524,Q15398
O15318,Q7Z2T5
Q8N4T4,Q96CG3
Q5VWK5,Q9NPF7
Q68CR1,Q9UQV4
Q6P179,Q9NZ08
P36402,Q13761
P05112,P31785
P05112,P19397
P48742,Q9Y261
P55160,Q96F07
Q96L94,Q9NUX5
Q5T2R2,Q9Y275
Q9HCI6,Q9UHP7
Q15762,Q495A1
P80217,Q13287
P80217,Q16520
P23510,P43489
P32248,P46092
P43489,Q07011
P43489,Q13077
P43489,Q13114
P31994,Q96GW9
P31994,P51451
A0AVK6,Q96AV8
A0AVK6,Q01094
A6PVS8,P07948
P22362,P51685
Q0VGE8,Q6ZN06
Q96IY4,Q9UJW2
Q9BZX2,Q9HC98
Q8IV48,Q96FF9
O75417,Q06609
P18627,Q9HC77
Q6PH81,Q9H1A4
P05538,Q9NZ08
Q8NCG5,Q96C86
O15444,P46092
Q92698,Q96AY2
A2RU54,Q96FJ0
Q765I0,Q9UKP6
Q17RS7,Q66GS9
O00526,Q8N6L0
Q9BQ51,Q9NZQ7
O15178,Q9H2W2
B5MCY1,P49736
Q6ZS10,Q8WV28
