drugbank_id,drug_score,drug_neg_log_score,drug_name,drug_atc_code,drug_atc_label,uniprot_id,symbol,ensembl_id
DB02107,9.378083141869894e-05,4.027885921320431,,,,P30536,TSPO,ENSG00000100300
DB02107,9.378083141869894e-05,4.027885921320431,,,,P35372,OPRM1,ENSG00000112038
DB02107,9.378083141869894e-05,4.027885921320431,,,,P25101,EDNRA,ENSG00000151617
DB02107,9.378083141869894e-05,4.027885921320431,,,,P03372,ESR1,ENSG00000091831
DB02107,9.378083141869894e-05,4.027885921320431,,,,P34903,GABRA3,ENSG00000011677
DB02107,9.378083141869894e-05,4.027885921320431,,,,Q02750,MAP2K1,ENSG00000169032
DB02107,9.378083141869894e-05,4.027885921320431,,,,P07437,TUBB,ENSG00000196230
DB12010,5.772563507844562e-05,4.238631280419495,Fostamatinib,B02,Antihemorrhagics ,P30536,TSPO,ENSG00000100300
DB12010,5.772563507844562e-05,4.238631280419495,Fostamatinib,B02,Antihemorrhagics ,P35372,OPRM1,ENSG00000112038
DB12010,5.772563507844562e-05,4.238631280419495,Fostamatinib,B02,Antihemorrhagics ,P25101,EDNRA,ENSG00000151617
DB12010,5.772563507844562e-05,4.238631280419495,Fostamatinib,B02,Antihemorrhagics ,P03372,ESR1,ENSG00000091831
DB12010,5.772563507844562e-05,4.238631280419495,Fostamatinib,B02,Antihemorrhagics ,P34903,GABRA3,ENSG00000011677
DB12010,5.772563507844562e-05,4.238631280419495,Fostamatinib,B02,Antihemorrhagics ,Q02750,MAP2K1,ENSG00000169032
DB12010,5.772563507844562e-05,4.238631280419495,Fostamatinib,B02,Antihemorrhagics ,P07437,TUBB,ENSG00000196230
DB01268,5.083984815451751e-05,4.293795755241429,Sunitinib,L01,Antineoplastic agents ,P30536,TSPO,ENSG00000100300
DB01268,5.083984815451751e-05,4.293795755241429,Sunitinib,L01,Antineoplastic agents ,P35372,OPRM1,ENSG00000112038
DB01268,5.083984815451751e-05,4.293795755241429,Sunitinib,L01,Antineoplastic agents ,P25101,EDNRA,ENSG00000151617
DB01268,5.083984815451751e-05,4.293795755241429,Sunitinib,L01,Antineoplastic agents ,P03372,ESR1,ENSG00000091831
DB01268,5.083984815451751e-05,4.293795755241429,Sunitinib,L01,Antineoplastic agents ,P34903,GABRA3,ENSG00000011677
DB01268,5.083984815451751e-05,4.293795755241429,Sunitinib,L01,Antineoplastic agents ,Q02750,MAP2K1,ENSG00000169032
DB01268,5.083984815451751e-05,4.293795755241429,Sunitinib,L01,Antineoplastic agents ,P07437,TUBB,ENSG00000196230
DB14487,4.759700867736437e-05,4.322420340467239,Zinc Acetate,A16,Other alimentary tract and metabolism products ,P30536,TSPO,ENSG00000100300
DB14487,4.759700867736437e-05,4.322420340467239,Zinc Acetate,A16,Other alimentary tract and metabolism products ,P35372,OPRM1,ENSG00000112038
DB14487,4.759700867736437e-05,4.322420340467239,Zinc Acetate,A16,Other alimentary tract and metabolism products ,P25101,EDNRA,ENSG00000151617
DB14487,4.759700867736437e-05,4.322420340467239,Zinc Acetate,A16,Other alimentary tract and metabolism products ,P03372,ESR1,ENSG00000091831
DB14487,4.759700867736437e-05,4.322420340467239,Zinc Acetate,A16,Other alimentary tract and metabolism products ,P34903,GABRA3,ENSG00000011677
DB14487,4.759700867736437e-05,4.322420340467239,Zinc Acetate,A16,Other alimentary tract and metabolism products ,Q02750,MAP2K1,ENSG00000169032
DB14487,4.759700867736437e-05,4.322420340467239,Zinc Acetate,A16,Other alimentary tract and metabolism products ,P07437,TUBB,ENSG00000196230
DB01593,4.759700867736436e-05,4.322420340467239,,,,P30536,TSPO,ENSG00000100300
DB01593,4.759700867736436e-05,4.322420340467239,,,,P35372,OPRM1,ENSG00000112038
DB01593,4.759700867736436e-05,4.322420340467239,,,,P25101,EDNRA,ENSG00000151617
DB01593,4.759700867736436e-05,4.322420340467239,,,,P03372,ESR1,ENSG00000091831
DB01593,4.759700867736436e-05,4.322420340467239,,,,P34903,GABRA3,ENSG00000011677
DB01593,4.759700867736436e-05,4.322420340467239,,,,Q02750,MAP2K1,ENSG00000169032
DB01593,4.759700867736436e-05,4.322420340467239,,,,P07437,TUBB,ENSG00000196230
DB14533,4.343058099397549e-05,4.362204360810696,,,,P30536,TSPO,ENSG00000100300
DB14533,4.343058099397549e-05,4.362204360810696,,,,P35372,OPRM1,ENSG00000112038
DB14533,4.343058099397549e-05,4.362204360810696,,,,P25101,EDNRA,ENSG00000151617
DB14533,4.343058099397549e-05,4.362204360810696,,,,P03372,ESR1,ENSG00000091831
DB14533,4.343058099397549e-05,4.362204360810696,,,,P34903,GABRA3,ENSG00000011677
DB14533,4.343058099397549e-05,4.362204360810696,,,,Q02750,MAP2K1,ENSG00000169032
DB14533,4.343058099397549e-05,4.362204360810696,,,,P07437,TUBB,ENSG00000196230
DB09079,4.3231862826204e-05,4.364196050663179,Nintedanib,L01,Antineoplastic agents ,P30536,TSPO,ENSG00000100300
DB09079,4.3231862826204e-05,4.364196050663179,Nintedanib,L01,Antineoplastic agents ,P35372,OPRM1,ENSG00000112038
DB09079,4.3231862826204e-05,4.364196050663179,Nintedanib,L01,Antineoplastic agents ,P25101,EDNRA,ENSG00000151617
DB09079,4.3231862826204e-05,4.364196050663179,Nintedanib,L01,Antineoplastic agents ,P03372,ESR1,ENSG00000091831
DB09079,4.3231862826204e-05,4.364196050663179,Nintedanib,L01,Antineoplastic agents ,P34903,GABRA3,ENSG00000011677
DB09079,4.3231862826204e-05,4.364196050663179,Nintedanib,L01,Antineoplastic agents ,Q02750,MAP2K1,ENSG00000169032
DB09079,4.3231862826204e-05,4.364196050663179,Nintedanib,L01,Antineoplastic agents ,P07437,TUBB,ENSG00000196230
DB14548,4.2281809894424085e-05,4.373846430770056,,,,P30536,TSPO,ENSG00000100300
DB14548,4.2281809894424085e-05,4.373846430770056,,,,P35372,OPRM1,ENSG00000112038
DB14548,4.2281809894424085e-05,4.373846430770056,,,,P25101,EDNRA,ENSG00000151617
DB14548,4.2281809894424085e-05,4.373846430770056,,,,P03372,ESR1,ENSG00000091831
DB14548,4.2281809894424085e-05,4.373846430770056,,,,P34903,GABRA3,ENSG00000011677
DB14548,4.2281809894424085e-05,4.373846430770056,,,,Q02750,MAP2K1,ENSG00000169032
DB14548,4.2281809894424085e-05,4.373846430770056,,,,P07437,TUBB,ENSG00000196230
DB06595,4.032128024691755e-05,4.394465686995448,Midostaurin,L01,Antineoplastic agents ,P30536,TSPO,ENSG00000100300
DB06595,4.032128024691755e-05,4.394465686995448,Midostaurin,L01,Antineoplastic agents ,P35372,OPRM1,ENSG00000112038
DB06595,4.032128024691755e-05,4.394465686995448,Midostaurin,L01,Antineoplastic agents ,P25101,EDNRA,ENSG00000151617
DB06595,4.032128024691755e-05,4.394465686995448,Midostaurin,L01,Antineoplastic agents ,P03372,ESR1,ENSG00000091831
DB06595,4.032128024691755e-05,4.394465686995448,Midostaurin,L01,Antineoplastic agents ,P34903,GABRA3,ENSG00000011677
DB06595,4.032128024691755e-05,4.394465686995448,Midostaurin,L01,Antineoplastic agents ,Q02750,MAP2K1,ENSG00000169032
DB06595,4.032128024691755e-05,4.394465686995448,Midostaurin,L01,Antineoplastic agents ,P07437,TUBB,ENSG00000196230
DB06616,4.023432317519461e-05,4.395403300009962,Bosutinib,L01,Antineoplastic agents ,P30536,TSPO,ENSG00000100300
DB06616,4.023432317519461e-05,4.395403300009962,Bosutinib,L01,Antineoplastic agents ,P35372,OPRM1,ENSG00000112038
DB06616,4.023432317519461e-05,4.395403300009962,Bosutinib,L01,Antineoplastic agents ,P25101,EDNRA,ENSG00000151617
DB06616,4.023432317519461e-05,4.395403300009962,Bosutinib,L01,Antineoplastic agents ,P03372,ESR1,ENSG00000091831
DB06616,4.023432317519461e-05,4.395403300009962,Bosutinib,L01,Antineoplastic agents ,P34903,GABRA3,ENSG00000011677
DB06616,4.023432317519461e-05,4.395403300009962,Bosutinib,L01,Antineoplastic agents ,Q02750,MAP2K1,ENSG00000169032
DB06616,4.023432317519461e-05,4.395403300009962,Bosutinib,L01,Antineoplastic agents ,P07437,TUBB,ENSG00000196230
DB00477,3.543250366791369e-05,4.450598159246188,Chlorpromazine,N05,Psycholeptics ,P30536,TSPO,ENSG00000100300
DB00477,3.543250366791369e-05,4.450598159246188,Chlorpromazine,N05,Psycholeptics ,P35372,OPRM1,ENSG00000112038
DB00477,3.543250366791369e-05,4.450598159246188,Chlorpromazine,N05,Psycholeptics ,P25101,EDNRA,ENSG00000151617
DB00477,3.543250366791369e-05,4.450598159246188,Chlorpromazine,N05,Psycholeptics ,P03372,ESR1,ENSG00000091831
DB00477,3.543250366791369e-05,4.450598159246188,Chlorpromazine,N05,Psycholeptics ,P34903,GABRA3,ENSG00000011677
DB00477,3.543250366791369e-05,4.450598159246188,Chlorpromazine,N05,Psycholeptics ,Q02750,MAP2K1,ENSG00000169032
DB00477,3.543250366791369e-05,4.450598159246188,Chlorpromazine,N05,Psycholeptics ,P07437,TUBB,ENSG00000196230
DB09130,3.248557228451422e-05,4.4883094780499935,,,,P30536,TSPO,ENSG00000100300
DB09130,3.248557228451422e-05,4.4883094780499935,,,,P35372,OPRM1,ENSG00000112038
DB09130,3.248557228451422e-05,4.4883094780499935,,,,P25101,EDNRA,ENSG00000151617
DB09130,3.248557228451422e-05,4.4883094780499935,,,,P03372,ESR1,ENSG00000091831
DB09130,3.248557228451422e-05,4.4883094780499935,,,,P34903,GABRA3,ENSG00000011677
DB09130,3.248557228451422e-05,4.4883094780499935,,,,Q02750,MAP2K1,ENSG00000169032
DB09130,3.248557228451422e-05,4.4883094780499935,,,,P07437,TUBB,ENSG00000196230
DB08865,2.941396193132518e-05,4.531446473995979,Crizotinib,L01,Antineoplastic agents ,P30536,TSPO,ENSG00000100300
DB08865,2.941396193132518e-05,4.531446473995979,Crizotinib,L01,Antineoplastic agents ,P35372,OPRM1,ENSG00000112038
DB08865,2.941396193132518e-05,4.531446473995979,Crizotinib,L01,Antineoplastic agents ,P25101,EDNRA,ENSG00000151617
DB08865,2.941396193132518e-05,4.531446473995979,Crizotinib,L01,Antineoplastic agents ,P03372,ESR1,ENSG00000091831
DB08865,2.941396193132518e-05,4.531446473995979,Crizotinib,L01,Antineoplastic agents ,P34903,GABRA3,ENSG00000011677
DB08865,2.941396193132518e-05,4.531446473995979,Crizotinib,L01,Antineoplastic agents ,Q02750,MAP2K1,ENSG00000169032
DB08865,2.941396193132518e-05,4.531446473995979,Crizotinib,L01,Antineoplastic agents ,P07437,TUBB,ENSG00000196230
DB12598,2.8577062960548983e-05,4.543982408350226,,,,P30536,TSPO,ENSG00000100300
DB12598,2.8577062960548983e-05,4.543982408350226,,,,P35372,OPRM1,ENSG00000112038
DB12598,2.8577062960548983e-05,4.543982408350226,,,,P25101,EDNRA,ENSG00000151617
DB12598,2.8577062960548983e-05,4.543982408350226,,,,P03372,ESR1,ENSG00000091831
DB12598,2.8577062960548983e-05,4.543982408350226,,,,P34903,GABRA3,ENSG00000011677
DB12598,2.8577062960548983e-05,4.543982408350226,,,,Q02750,MAP2K1,ENSG00000169032
DB12598,2.8577062960548983e-05,4.543982408350226,,,,P07437,TUBB,ENSG00000196230
DB00228,2.811991118531537e-05,4.550986055337432,Enflurane,N01,Anesthetics ,P30536,TSPO,ENSG00000100300
DB00228,2.811991118531537e-05,4.550986055337432,Enflurane,N01,Anesthetics ,P35372,OPRM1,ENSG00000112038
DB00228,2.811991118531537e-05,4.550986055337432,Enflurane,N01,Anesthetics ,P25101,EDNRA,ENSG00000151617
DB00228,2.811991118531537e-05,4.550986055337432,Enflurane,N01,Anesthetics ,P03372,ESR1,ENSG00000091831
DB00228,2.811991118531537e-05,4.550986055337432,Enflurane,N01,Anesthetics ,P34903,GABRA3,ENSG00000011677
DB00228,2.811991118531537e-05,4.550986055337432,Enflurane,N01,Anesthetics ,Q02750,MAP2K1,ENSG00000169032
DB00228,2.811991118531537e-05,4.550986055337432,Enflurane,N01,Anesthetics ,P07437,TUBB,ENSG00000196230
DB12831,2.713889421553359e-05,4.566407851808025,,,,P30536,TSPO,ENSG00000100300
DB12831,2.713889421553359e-05,4.566407851808025,,,,P35372,OPRM1,ENSG00000112038
DB12831,2.713889421553359e-05,4.566407851808025,,,,P25101,EDNRA,ENSG00000151617
DB12831,2.713889421553359e-05,4.566407851808025,,,,P03372,ESR1,ENSG00000091831
DB12831,2.713889421553359e-05,4.566407851808025,,,,P34903,GABRA3,ENSG00000011677
DB12831,2.713889421553359e-05,4.566407851808025,,,,Q02750,MAP2K1,ENSG00000169032
DB12831,2.713889421553359e-05,4.566407851808025,,,,P07437,TUBB,ENSG00000196230
DB00458,2.5826613451747543e-05,4.587932537521694,Imipramine,N06,Psychoanaleptics ,P30536,TSPO,ENSG00000100300
DB00458,2.5826613451747543e-05,4.587932537521694,Imipramine,N06,Psychoanaleptics ,P35372,OPRM1,ENSG00000112038
DB00458,2.5826613451747543e-05,4.587932537521694,Imipramine,N06,Psychoanaleptics ,P25101,EDNRA,ENSG00000151617
DB00458,2.5826613451747543e-05,4.587932537521694,Imipramine,N06,Psychoanaleptics ,P03372,ESR1,ENSG00000091831
DB00458,2.5826613451747543e-05,4.587932537521694,Imipramine,N06,Psychoanaleptics ,P34903,GABRA3,ENSG00000011677
DB00458,2.5826613451747543e-05,4.587932537521694,Imipramine,N06,Psychoanaleptics ,Q02750,MAP2K1,ENSG00000169032
DB00458,2.5826613451747543e-05,4.587932537521694,Imipramine,N06,Psychoanaleptics ,P07437,TUBB,ENSG00000196230
DB01110,2.558191847705472e-05,4.592066889382148,Miconazole,A01,Stomatological preparations ,P30536,TSPO,ENSG00000100300
DB01110,2.558191847705472e-05,4.592066889382148,Miconazole,A01,Stomatological preparations ,P35372,OPRM1,ENSG00000112038
DB01110,2.558191847705472e-05,4.592066889382148,Miconazole,A01,Stomatological preparations ,P25101,EDNRA,ENSG00000151617
DB01110,2.558191847705472e-05,4.592066889382148,Miconazole,A01,Stomatological preparations ,P03372,ESR1,ENSG00000091831
DB01110,2.558191847705472e-05,4.592066889382148,Miconazole,A01,Stomatological preparations ,P34903,GABRA3,ENSG00000011677
DB01110,2.558191847705472e-05,4.592066889382148,Miconazole,A01,Stomatological preparations ,Q02750,MAP2K1,ENSG00000169032
DB01110,2.558191847705472e-05,4.592066889382148,Miconazole,A01,Stomatological preparations ,P07437,TUBB,ENSG00000196230
DB01110,2.558191847705472e-05,4.592066889382148,Miconazole,A07,"Antidiarrheals, intestinal antiinflammatory/antiinfective agents ",P30536,TSPO,ENSG00000100300
DB01110,2.558191847705472e-05,4.592066889382148,Miconazole,A07,"Antidiarrheals, intestinal antiinflammatory/antiinfective agents ",P35372,OPRM1,ENSG00000112038
DB01110,2.558191847705472e-05,4.592066889382148,Miconazole,A07,"Antidiarrheals, intestinal antiinflammatory/antiinfective agents ",P25101,EDNRA,ENSG00000151617
DB01110,2.558191847705472e-05,4.592066889382148,Miconazole,A07,"Antidiarrheals, intestinal antiinflammatory/antiinfective agents ",P03372,ESR1,ENSG00000091831
DB01110,2.558191847705472e-05,4.592066889382148,Miconazole,A07,"Antidiarrheals, intestinal antiinflammatory/antiinfective agents ",P34903,GABRA3,ENSG00000011677
DB01110,2.558191847705472e-05,4.592066889382148,Miconazole,A07,"Antidiarrheals, intestinal antiinflammatory/antiinfective agents ",Q02750,MAP2K1,ENSG00000169032
DB01110,2.558191847705472e-05,4.592066889382148,Miconazole,A07,"Antidiarrheals, intestinal antiinflammatory/antiinfective agents ",P07437,TUBB,ENSG00000196230
DB01110,2.558191847705472e-05,4.592066889382148,Miconazole,D01,Antifungals for dermatological use ,P30536,TSPO,ENSG00000100300
DB01110,2.558191847705472e-05,4.592066889382148,Miconazole,D01,Antifungals for dermatological use ,P35372,OPRM1,ENSG00000112038
DB01110,2.558191847705472e-05,4.592066889382148,Miconazole,D01,Antifungals for dermatological use ,P25101,EDNRA,ENSG00000151617
DB01110,2.558191847705472e-05,4.592066889382148,Miconazole,D01,Antifungals for dermatological use ,P03372,ESR1,ENSG00000091831
DB01110,2.558191847705472e-05,4.592066889382148,Miconazole,D01,Antifungals for dermatological use ,P34903,GABRA3,ENSG00000011677
DB01110,2.558191847705472e-05,4.592066889382148,Miconazole,D01,Antifungals for dermatological use ,Q02750,MAP2K1,ENSG00000169032
DB01110,2.558191847705472e-05,4.592066889382148,Miconazole,D01,Antifungals for dermatological use ,P07437,TUBB,ENSG00000196230
DB01110,2.558191847705472e-05,4.592066889382148,Miconazole,G01,Gynecological antiinfectives and antiseptics ,P30536,TSPO,ENSG00000100300
DB01110,2.558191847705472e-05,4.592066889382148,Miconazole,G01,Gynecological antiinfectives and antiseptics ,P35372,OPRM1,ENSG00000112038
DB01110,2.558191847705472e-05,4.592066889382148,Miconazole,G01,Gynecological antiinfectives and antiseptics ,P25101,EDNRA,ENSG00000151617
DB01110,2.558191847705472e-05,4.592066889382148,Miconazole,G01,Gynecological antiinfectives and antiseptics ,P03372,ESR1,ENSG00000091831
DB01110,2.558191847705472e-05,4.592066889382148,Miconazole,G01,Gynecological antiinfectives and antiseptics ,P34903,GABRA3,ENSG00000011677
DB01110,2.558191847705472e-05,4.592066889382148,Miconazole,G01,Gynecological antiinfectives and antiseptics ,Q02750,MAP2K1,ENSG00000169032
DB01110,2.558191847705472e-05,4.592066889382148,Miconazole,G01,Gynecological antiinfectives and antiseptics ,P07437,TUBB,ENSG00000196230
DB01110,2.558191847705472e-05,4.592066889382148,Miconazole,J02,Antimycotics for systemic use ,P30536,TSPO,ENSG00000100300
DB01110,2.558191847705472e-05,4.592066889382148,Miconazole,J02,Antimycotics for systemic use ,P35372,OPRM1,ENSG00000112038
DB01110,2.558191847705472e-05,4.592066889382148,Miconazole,J02,Antimycotics for systemic use ,P25101,EDNRA,ENSG00000151617
DB01110,2.558191847705472e-05,4.592066889382148,Miconazole,J02,Antimycotics for systemic use ,P03372,ESR1,ENSG00000091831
DB01110,2.558191847705472e-05,4.592066889382148,Miconazole,J02,Antimycotics for systemic use ,P34903,GABRA3,ENSG00000011677
DB01110,2.558191847705472e-05,4.592066889382148,Miconazole,J02,Antimycotics for systemic use ,Q02750,MAP2K1,ENSG00000169032
DB01110,2.558191847705472e-05,4.592066889382148,Miconazole,J02,Antimycotics for systemic use ,P07437,TUBB,ENSG00000196230
DB01110,2.558191847705472e-05,4.592066889382148,Miconazole,S02,Otologicals ,P30536,TSPO,ENSG00000100300
DB01110,2.558191847705472e-05,4.592066889382148,Miconazole,S02,Otologicals ,P35372,OPRM1,ENSG00000112038
DB01110,2.558191847705472e-05,4.592066889382148,Miconazole,S02,Otologicals ,P25101,EDNRA,ENSG00000151617
DB01110,2.558191847705472e-05,4.592066889382148,Miconazole,S02,Otologicals ,P03372,ESR1,ENSG00000091831
DB01110,2.558191847705472e-05,4.592066889382148,Miconazole,S02,Otologicals ,P34903,GABRA3,ENSG00000011677
DB01110,2.558191847705472e-05,4.592066889382148,Miconazole,S02,Otologicals ,Q02750,MAP2K1,ENSG00000169032
DB01110,2.558191847705472e-05,4.592066889382148,Miconazole,S02,Otologicals ,P07437,TUBB,ENSG00000196230
DB06848,2.5437010415918105e-05,4.594533932181029,,,,P30536,TSPO,ENSG00000100300
DB06848,2.5437010415918105e-05,4.594533932181029,,,,P35372,OPRM1,ENSG00000112038
DB06848,2.5437010415918105e-05,4.594533932181029,,,,P25101,EDNRA,ENSG00000151617
DB06848,2.5437010415918105e-05,4.594533932181029,,,,P03372,ESR1,ENSG00000091831
DB06848,2.5437010415918105e-05,4.594533932181029,,,,P34903,GABRA3,ENSG00000011677
DB06848,2.5437010415918105e-05,4.594533932181029,,,,Q02750,MAP2K1,ENSG00000169032
DB06848,2.5437010415918105e-05,4.594533932181029,,,,P07437,TUBB,ENSG00000196230
DB06849,2.5437010415918105e-05,4.594533932181029,,,,P30536,TSPO,ENSG00000100300
DB06849,2.5437010415918105e-05,4.594533932181029,,,,P35372,OPRM1,ENSG00000112038
DB06849,2.5437010415918105e-05,4.594533932181029,,,,P25101,EDNRA,ENSG00000151617
DB06849,2.5437010415918105e-05,4.594533932181029,,,,P03372,ESR1,ENSG00000091831
DB06849,2.5437010415918105e-05,4.594533932181029,,,,P34903,GABRA3,ENSG00000011677
DB06849,2.5437010415918105e-05,4.594533932181029,,,,Q02750,MAP2K1,ENSG00000169032
DB06849,2.5437010415918105e-05,4.594533932181029,,,,P07437,TUBB,ENSG00000196230
DB04216,2.54326864711725e-05,4.594607762593337,,,,P30536,TSPO,ENSG00000100300
DB04216,2.54326864711725e-05,4.594607762593337,,,,P35372,OPRM1,ENSG00000112038
DB04216,2.54326864711725e-05,4.594607762593337,,,,P25101,EDNRA,ENSG00000151617
DB04216,2.54326864711725e-05,4.594607762593337,,,,P03372,ESR1,ENSG00000091831
DB04216,2.54326864711725e-05,4.594607762593337,,,,P34903,GABRA3,ENSG00000011677
DB04216,2.54326864711725e-05,4.594607762593337,,,,Q02750,MAP2K1,ENSG00000169032
DB04216,2.54326864711725e-05,4.594607762593337,,,,P07437,TUBB,ENSG00000196230
DB01254,2.510606658144163e-05,4.60022132375806,Dasatinib,L01,Antineoplastic agents ,P30536,TSPO,ENSG00000100300
DB01254,2.510606658144163e-05,4.60022132375806,Dasatinib,L01,Antineoplastic agents ,P35372,OPRM1,ENSG00000112038
DB01254,2.510606658144163e-05,4.60022132375806,Dasatinib,L01,Antineoplastic agents ,P25101,EDNRA,ENSG00000151617
DB01254,2.510606658144163e-05,4.60022132375806,Dasatinib,L01,Antineoplastic agents ,P03372,ESR1,ENSG00000091831
DB01254,2.510606658144163e-05,4.60022132375806,Dasatinib,L01,Antineoplastic agents ,P34903,GABRA3,ENSG00000011677
DB01254,2.510606658144163e-05,4.60022132375806,Dasatinib,L01,Antineoplastic agents ,Q02750,MAP2K1,ENSG00000169032
DB01254,2.510606658144163e-05,4.60022132375806,Dasatinib,L01,Antineoplastic agents ,P07437,TUBB,ENSG00000196230
DB11828,2.39836995303276e-05,4.620083825337111,Neratinib,L01,Antineoplastic agents ,P30536,TSPO,ENSG00000100300
DB11828,2.39836995303276e-05,4.620083825337111,Neratinib,L01,Antineoplastic agents ,P35372,OPRM1,ENSG00000112038
DB11828,2.39836995303276e-05,4.620083825337111,Neratinib,L01,Antineoplastic agents ,P25101,EDNRA,ENSG00000151617
DB11828,2.39836995303276e-05,4.620083825337111,Neratinib,L01,Antineoplastic agents ,P03372,ESR1,ENSG00000091831
DB11828,2.39836995303276e-05,4.620083825337111,Neratinib,L01,Antineoplastic agents ,P34903,GABRA3,ENSG00000011677
DB11828,2.39836995303276e-05,4.620083825337111,Neratinib,L01,Antineoplastic agents ,Q02750,MAP2K1,ENSG00000169032
DB11828,2.39836995303276e-05,4.620083825337111,Neratinib,L01,Antineoplastic agents ,P07437,TUBB,ENSG00000196230
DB08877,2.238571751529657e-05,4.650028980890098,Ruxolitinib,D11,Other dermatological preparations ,P30536,TSPO,ENSG00000100300
DB08877,2.238571751529657e-05,4.650028980890098,Ruxolitinib,D11,Other dermatological preparations ,P35372,OPRM1,ENSG00000112038
DB08877,2.238571751529657e-05,4.650028980890098,Ruxolitinib,D11,Other dermatological preparations ,P25101,EDNRA,ENSG00000151617
DB08877,2.238571751529657e-05,4.650028980890098,Ruxolitinib,D11,Other dermatological preparations ,P03372,ESR1,ENSG00000091831
DB08877,2.238571751529657e-05,4.650028980890098,Ruxolitinib,D11,Other dermatological preparations ,P34903,GABRA3,ENSG00000011677
DB08877,2.238571751529657e-05,4.650028980890098,Ruxolitinib,D11,Other dermatological preparations ,Q02750,MAP2K1,ENSG00000169032
DB08877,2.238571751529657e-05,4.650028980890098,Ruxolitinib,D11,Other dermatological preparations ,P07437,TUBB,ENSG00000196230
DB08877,2.238571751529657e-05,4.650028980890098,Ruxolitinib,L01,Antineoplastic agents ,P30536,TSPO,ENSG00000100300
DB08877,2.238571751529657e-05,4.650028980890098,Ruxolitinib,L01,Antineoplastic agents ,P35372,OPRM1,ENSG00000112038
DB08877,2.238571751529657e-05,4.650028980890098,Ruxolitinib,L01,Antineoplastic agents ,P25101,EDNRA,ENSG00000151617
DB08877,2.238571751529657e-05,4.650028980890098,Ruxolitinib,L01,Antineoplastic agents ,P03372,ESR1,ENSG00000091831
DB08877,2.238571751529657e-05,4.650028980890098,Ruxolitinib,L01,Antineoplastic agents ,P34903,GABRA3,ENSG00000011677
DB08877,2.238571751529657e-05,4.650028980890098,Ruxolitinib,L01,Antineoplastic agents ,Q02750,MAP2K1,ENSG00000169032
DB08877,2.238571751529657e-05,4.650028980890098,Ruxolitinib,L01,Antineoplastic agents ,P07437,TUBB,ENSG00000196230
DB00945,2.2179382711223927e-05,4.654050545149879,Aspirin,N02,Analgesics ,P30536,TSPO,ENSG00000100300
DB00945,2.2179382711223927e-05,4.654050545149879,Aspirin,N02,Analgesics ,P35372,OPRM1,ENSG00000112038
DB00945,2.2179382711223927e-05,4.654050545149879,Aspirin,N02,Analgesics ,P25101,EDNRA,ENSG00000151617
DB00945,2.2179382711223927e-05,4.654050545149879,Aspirin,N02,Analgesics ,P03372,ESR1,ENSG00000091831
DB00945,2.2179382711223927e-05,4.654050545149879,Aspirin,N02,Analgesics ,P34903,GABRA3,ENSG00000011677
DB00945,2.2179382711223927e-05,4.654050545149879,Aspirin,N02,Analgesics ,Q02750,MAP2K1,ENSG00000169032
DB00945,2.2179382711223927e-05,4.654050545149879,Aspirin,N02,Analgesics ,P07437,TUBB,ENSG00000196230
DB00945,2.2179382711223927e-05,4.654050545149879,Aspirin,B01,Antithrombotic agents ,P30536,TSPO,ENSG00000100300
DB00945,2.2179382711223927e-05,4.654050545149879,Aspirin,B01,Antithrombotic agents ,P35372,OPRM1,ENSG00000112038
DB00945,2.2179382711223927e-05,4.654050545149879,Aspirin,B01,Antithrombotic agents ,P25101,EDNRA,ENSG00000151617
DB00945,2.2179382711223927e-05,4.654050545149879,Aspirin,B01,Antithrombotic agents ,P03372,ESR1,ENSG00000091831
DB00945,2.2179382711223927e-05,4.654050545149879,Aspirin,B01,Antithrombotic agents ,P34903,GABRA3,ENSG00000011677
DB00945,2.2179382711223927e-05,4.654050545149879,Aspirin,B01,Antithrombotic agents ,Q02750,MAP2K1,ENSG00000169032
DB00945,2.2179382711223927e-05,4.654050545149879,Aspirin,B01,Antithrombotic agents ,P07437,TUBB,ENSG00000196230
DB00945,2.2179382711223927e-05,4.654050545149879,Aspirin,A01,Stomatological preparations ,P30536,TSPO,ENSG00000100300
DB00945,2.2179382711223927e-05,4.654050545149879,Aspirin,A01,Stomatological preparations ,P35372,OPRM1,ENSG00000112038
DB00945,2.2179382711223927e-05,4.654050545149879,Aspirin,A01,Stomatological preparations ,P25101,EDNRA,ENSG00000151617
DB00945,2.2179382711223927e-05,4.654050545149879,Aspirin,A01,Stomatological preparations ,P03372,ESR1,ENSG00000091831
DB00945,2.2179382711223927e-05,4.654050545149879,Aspirin,A01,Stomatological preparations ,P34903,GABRA3,ENSG00000011677
DB00945,2.2179382711223927e-05,4.654050545149879,Aspirin,A01,Stomatological preparations ,Q02750,MAP2K1,ENSG00000169032
DB00945,2.2179382711223927e-05,4.654050545149879,Aspirin,A01,Stomatological preparations ,P07437,TUBB,ENSG00000196230
DB00281,2.195859130210112e-05,4.658395524392604,,,,P30536,TSPO,ENSG00000100300
DB00281,2.195859130210112e-05,4.658395524392604,,,,P35372,OPRM1,ENSG00000112038
DB00281,2.195859130210112e-05,4.658395524392604,,,,P25101,EDNRA,ENSG00000151617
DB00281,2.195859130210112e-05,4.658395524392604,,,,P03372,ESR1,ENSG00000091831
DB00281,2.195859130210112e-05,4.658395524392604,,,,P34903,GABRA3,ENSG00000011677
DB00281,2.195859130210112e-05,4.658395524392604,,,,Q02750,MAP2K1,ENSG00000169032
DB00281,2.195859130210112e-05,4.658395524392604,,,,P07437,TUBB,ENSG00000196230
DB01118,2.192704765034527e-05,4.659019839616572,Amiodarone,C01,Cardiac therapy ,P30536,TSPO,ENSG00000100300
DB01118,2.192704765034527e-05,4.659019839616572,Amiodarone,C01,Cardiac therapy ,P35372,OPRM1,ENSG00000112038
DB01118,2.192704765034527e-05,4.659019839616572,Amiodarone,C01,Cardiac therapy ,P25101,EDNRA,ENSG00000151617
DB01118,2.192704765034527e-05,4.659019839616572,Amiodarone,C01,Cardiac therapy ,P03372,ESR1,ENSG00000091831
DB01118,2.192704765034527e-05,4.659019839616572,Amiodarone,C01,Cardiac therapy ,P34903,GABRA3,ENSG00000011677
DB01118,2.192704765034527e-05,4.659019839616572,Amiodarone,C01,Cardiac therapy ,Q02750,MAP2K1,ENSG00000169032
DB01118,2.192704765034527e-05,4.659019839616572,Amiodarone,C01,Cardiac therapy ,P07437,TUBB,ENSG00000196230
DB00280,2.1329207357269385e-05,4.671025283639194,Disopyramide,C01,Cardiac therapy ,P30536,TSPO,ENSG00000100300
DB00280,2.1329207357269385e-05,4.671025283639194,Disopyramide,C01,Cardiac therapy ,P35372,OPRM1,ENSG00000112038
DB00280,2.1329207357269385e-05,4.671025283639194,Disopyramide,C01,Cardiac therapy ,P25101,EDNRA,ENSG00000151617
DB00280,2.1329207357269385e-05,4.671025283639194,Disopyramide,C01,Cardiac therapy ,P03372,ESR1,ENSG00000091831
DB00280,2.1329207357269385e-05,4.671025283639194,Disopyramide,C01,Cardiac therapy ,P34903,GABRA3,ENSG00000011677
DB00280,2.1329207357269385e-05,4.671025283639194,Disopyramide,C01,Cardiac therapy ,Q02750,MAP2K1,ENSG00000169032
DB00280,2.1329207357269385e-05,4.671025283639194,Disopyramide,C01,Cardiac therapy ,P07437,TUBB,ENSG00000196230
DB05294,2.1295417402027003e-05,4.671713843093379,Vandetanib,L01,Antineoplastic agents ,P30536,TSPO,ENSG00000100300
DB05294,2.1295417402027003e-05,4.671713843093379,Vandetanib,L01,Antineoplastic agents ,P35372,OPRM1,ENSG00000112038
DB05294,2.1295417402027003e-05,4.671713843093379,Vandetanib,L01,Antineoplastic agents ,P25101,EDNRA,ENSG00000151617
DB05294,2.1295417402027003e-05,4.671713843093379,Vandetanib,L01,Antineoplastic agents ,P03372,ESR1,ENSG00000091831
DB05294,2.1295417402027003e-05,4.671713843093379,Vandetanib,L01,Antineoplastic agents ,P34903,GABRA3,ENSG00000011677
DB05294,2.1295417402027003e-05,4.671713843093379,Vandetanib,L01,Antineoplastic agents ,Q02750,MAP2K1,ENSG00000169032
DB05294,2.1295417402027003e-05,4.671713843093379,Vandetanib,L01,Antineoplastic agents ,P07437,TUBB,ENSG00000196230
DB00398,2.115569339057792e-05,4.6745727358365015,Sorafenib,L01,Antineoplastic agents ,P30536,TSPO,ENSG00000100300
DB00398,2.115569339057792e-05,4.6745727358365015,Sorafenib,L01,Antineoplastic agents ,P35372,OPRM1,ENSG00000112038
DB00398,2.115569339057792e-05,4.6745727358365015,Sorafenib,L01,Antineoplastic agents ,P25101,EDNRA,ENSG00000151617
DB00398,2.115569339057792e-05,4.6745727358365015,Sorafenib,L01,Antineoplastic agents ,P03372,ESR1,ENSG00000091831
DB00398,2.115569339057792e-05,4.6745727358365015,Sorafenib,L01,Antineoplastic agents ,P34903,GABRA3,ENSG00000011677
DB00398,2.115569339057792e-05,4.6745727358365015,Sorafenib,L01,Antineoplastic agents ,Q02750,MAP2K1,ENSG00000169032
DB00398,2.115569339057792e-05,4.6745727358365015,Sorafenib,L01,Antineoplastic agents ,P07437,TUBB,ENSG00000196230
DB01069,2.094142861295576e-05,4.678993694311427,Promethazine,D04,"Antipruritics, incl. antihistamines, anesthetics, etc. ",P30536,TSPO,ENSG00000100300
DB01069,2.094142861295576e-05,4.678993694311427,Promethazine,D04,"Antipruritics, incl. antihistamines, anesthetics, etc. ",P35372,OPRM1,ENSG00000112038
DB01069,2.094142861295576e-05,4.678993694311427,Promethazine,D04,"Antipruritics, incl. antihistamines, anesthetics, etc. ",P25101,EDNRA,ENSG00000151617
DB01069,2.094142861295576e-05,4.678993694311427,Promethazine,D04,"Antipruritics, incl. antihistamines, anesthetics, etc. ",P03372,ESR1,ENSG00000091831
DB01069,2.094142861295576e-05,4.678993694311427,Promethazine,D04,"Antipruritics, incl. antihistamines, anesthetics, etc. ",P34903,GABRA3,ENSG00000011677
DB01069,2.094142861295576e-05,4.678993694311427,Promethazine,D04,"Antipruritics, incl. antihistamines, anesthetics, etc. ",Q02750,MAP2K1,ENSG00000169032
DB01069,2.094142861295576e-05,4.678993694311427,Promethazine,D04,"Antipruritics, incl. antihistamines, anesthetics, etc. ",P07437,TUBB,ENSG00000196230
DB01069,2.094142861295576e-05,4.678993694311427,Promethazine,R06,Antihistamines for systemic use ,P30536,TSPO,ENSG00000100300
DB01069,2.094142861295576e-05,4.678993694311427,Promethazine,R06,Antihistamines for systemic use ,P35372,OPRM1,ENSG00000112038
DB01069,2.094142861295576e-05,4.678993694311427,Promethazine,R06,Antihistamines for systemic use ,P25101,EDNRA,ENSG00000151617
DB01069,2.094142861295576e-05,4.678993694311427,Promethazine,R06,Antihistamines for systemic use ,P03372,ESR1,ENSG00000091831
DB01069,2.094142861295576e-05,4.678993694311427,Promethazine,R06,Antihistamines for systemic use ,P34903,GABRA3,ENSG00000011677
DB01069,2.094142861295576e-05,4.678993694311427,Promethazine,R06,Antihistamines for systemic use ,Q02750,MAP2K1,ENSG00000169032
DB01069,2.094142861295576e-05,4.678993694311427,Promethazine,R06,Antihistamines for systemic use ,P07437,TUBB,ENSG00000196230
DB01041,2.001985326642029e-05,4.698539109964468,Thalidomide,L04,Immunosuppressants ,P30536,TSPO,ENSG00000100300
DB01041,2.001985326642029e-05,4.698539109964468,Thalidomide,L04,Immunosuppressants ,P35372,OPRM1,ENSG00000112038
DB01041,2.001985326642029e-05,4.698539109964468,Thalidomide,L04,Immunosuppressants ,P25101,EDNRA,ENSG00000151617
DB01041,2.001985326642029e-05,4.698539109964468,Thalidomide,L04,Immunosuppressants ,P03372,ESR1,ENSG00000091831
DB01041,2.001985326642029e-05,4.698539109964468,Thalidomide,L04,Immunosuppressants ,P34903,GABRA3,ENSG00000011677
DB01041,2.001985326642029e-05,4.698539109964468,Thalidomide,L04,Immunosuppressants ,Q02750,MAP2K1,ENSG00000169032
DB01041,2.001985326642029e-05,4.698539109964468,Thalidomide,L04,Immunosuppressants ,P07437,TUBB,ENSG00000196230
DB01133,1.966536937787184e-05,4.706297891752842,Tiludronic Acid,M05,Drugs for treatment of bone diseases ,P30536,TSPO,ENSG00000100300
DB01133,1.966536937787184e-05,4.706297891752842,Tiludronic Acid,M05,Drugs for treatment of bone diseases ,P35372,OPRM1,ENSG00000112038
DB01133,1.966536937787184e-05,4.706297891752842,Tiludronic Acid,M05,Drugs for treatment of bone diseases ,P25101,EDNRA,ENSG00000151617
DB01133,1.966536937787184e-05,4.706297891752842,Tiludronic Acid,M05,Drugs for treatment of bone diseases ,P03372,ESR1,ENSG00000091831
DB01133,1.966536937787184e-05,4.706297891752842,Tiludronic Acid,M05,Drugs for treatment of bone diseases ,P34903,GABRA3,ENSG00000011677
DB01133,1.966536937787184e-05,4.706297891752842,Tiludronic Acid,M05,Drugs for treatment of bone diseases ,Q02750,MAP2K1,ENSG00000169032
DB01133,1.966536937787184e-05,4.706297891752842,Tiludronic Acid,M05,Drugs for treatment of bone diseases ,P07437,TUBB,ENSG00000196230
DB06626,1.953446614148052e-05,4.709198453135242,Axitinib,L01,Antineoplastic agents ,P30536,TSPO,ENSG00000100300
DB06626,1.953446614148052e-05,4.709198453135242,Axitinib,L01,Antineoplastic agents ,P35372,OPRM1,ENSG00000112038
DB06626,1.953446614148052e-05,4.709198453135242,Axitinib,L01,Antineoplastic agents ,P25101,EDNRA,ENSG00000151617
DB06626,1.953446614148052e-05,4.709198453135242,Axitinib,L01,Antineoplastic agents ,P03372,ESR1,ENSG00000091831
DB06626,1.953446614148052e-05,4.709198453135242,Axitinib,L01,Antineoplastic agents ,P34903,GABRA3,ENSG00000011677
DB06626,1.953446614148052e-05,4.709198453135242,Axitinib,L01,Antineoplastic agents ,Q02750,MAP2K1,ENSG00000169032
DB06626,1.953446614148052e-05,4.709198453135242,Axitinib,L01,Antineoplastic agents ,P07437,TUBB,ENSG00000196230
DB00546,1.846653134794832e-05,4.733614672394915,Adinazolam,N05,Psycholeptics ,P30536,TSPO,ENSG00000100300
DB00546,1.846653134794832e-05,4.733614672394915,Adinazolam,N05,Psycholeptics ,P35372,OPRM1,ENSG00000112038
DB00546,1.846653134794832e-05,4.733614672394915,Adinazolam,N05,Psycholeptics ,P25101,EDNRA,ENSG00000151617
DB00546,1.846653134794832e-05,4.733614672394915,Adinazolam,N05,Psycholeptics ,P03372,ESR1,ENSG00000091831
DB00546,1.846653134794832e-05,4.733614672394915,Adinazolam,N05,Psycholeptics ,P34903,GABRA3,ENSG00000011677
DB00546,1.846653134794832e-05,4.733614672394915,Adinazolam,N05,Psycholeptics ,Q02750,MAP2K1,ENSG00000169032
DB00546,1.846653134794832e-05,4.733614672394915,Adinazolam,N05,Psycholeptics ,P07437,TUBB,ENSG00000196230
DB00898,1.8010094674006097e-05,4.74448400421043,,,,P30536,TSPO,ENSG00000100300
DB00898,1.8010094674006097e-05,4.74448400421043,,,,P35372,OPRM1,ENSG00000112038
DB00898,1.8010094674006097e-05,4.74448400421043,,,,P25101,EDNRA,ENSG00000151617
DB00898,1.8010094674006097e-05,4.74448400421043,,,,P03372,ESR1,ENSG00000091831
DB00898,1.8010094674006097e-05,4.74448400421043,,,,P34903,GABRA3,ENSG00000011677
DB00898,1.8010094674006097e-05,4.74448400421043,,,,Q02750,MAP2K1,ENSG00000169032
DB00898,1.8010094674006097e-05,4.74448400421043,,,,P07437,TUBB,ENSG00000196230
DB00543,1.766523384535769e-05,4.752880609173021,Amoxapine,N06,Psychoanaleptics ,P30536,TSPO,ENSG00000100300
DB00543,1.766523384535769e-05,4.752880609173021,Amoxapine,N06,Psychoanaleptics ,P35372,OPRM1,ENSG00000112038
DB00543,1.766523384535769e-05,4.752880609173021,Amoxapine,N06,Psychoanaleptics ,P25101,EDNRA,ENSG00000151617
DB00543,1.766523384535769e-05,4.752880609173021,Amoxapine,N06,Psychoanaleptics ,P03372,ESR1,ENSG00000091831
DB00543,1.766523384535769e-05,4.752880609173021,Amoxapine,N06,Psychoanaleptics ,P34903,GABRA3,ENSG00000011677
DB00543,1.766523384535769e-05,4.752880609173021,Amoxapine,N06,Psychoanaleptics ,Q02750,MAP2K1,ENSG00000169032
DB00543,1.766523384535769e-05,4.752880609173021,Amoxapine,N06,Psychoanaleptics ,P07437,TUBB,ENSG00000196230
DB00530,1.7620753672106007e-05,4.753975519951397,Erlotinib,L01,Antineoplastic agents ,P30536,TSPO,ENSG00000100300
DB00530,1.7620753672106007e-05,4.753975519951397,Erlotinib,L01,Antineoplastic agents ,P35372,OPRM1,ENSG00000112038
DB00530,1.7620753672106007e-05,4.753975519951397,Erlotinib,L01,Antineoplastic agents ,P25101,EDNRA,ENSG00000151617
DB00530,1.7620753672106007e-05,4.753975519951397,Erlotinib,L01,Antineoplastic agents ,P03372,ESR1,ENSG00000091831
DB00530,1.7620753672106007e-05,4.753975519951397,Erlotinib,L01,Antineoplastic agents ,P34903,GABRA3,ENSG00000011677
DB00530,1.7620753672106007e-05,4.753975519951397,Erlotinib,L01,Antineoplastic agents ,Q02750,MAP2K1,ENSG00000169032
DB00530,1.7620753672106007e-05,4.753975519951397,Erlotinib,L01,Antineoplastic agents ,P07437,TUBB,ENSG00000196230
DB00555,1.6427088141716233e-05,4.784439412588046,Lamotrigine,N03,Antiepileptics ,P30536,TSPO,ENSG00000100300
DB00555,1.6427088141716233e-05,4.784439412588046,Lamotrigine,N03,Antiepileptics ,P35372,OPRM1,ENSG00000112038
DB00555,1.6427088141716233e-05,4.784439412588046,Lamotrigine,N03,Antiepileptics ,P25101,EDNRA,ENSG00000151617
DB00555,1.6427088141716233e-05,4.784439412588046,Lamotrigine,N03,Antiepileptics ,P03372,ESR1,ENSG00000091831
DB00555,1.6427088141716233e-05,4.784439412588046,Lamotrigine,N03,Antiepileptics ,P34903,GABRA3,ENSG00000011677
DB00555,1.6427088141716233e-05,4.784439412588046,Lamotrigine,N03,Antiepileptics ,Q02750,MAP2K1,ENSG00000169032
DB00555,1.6427088141716233e-05,4.784439412588046,Lamotrigine,N03,Antiepileptics ,P07437,TUBB,ENSG00000196230
DB00675,1.6413355228087756e-05,4.78480263112866,Tamoxifen,L02,Endocrine therapy ,P30536,TSPO,ENSG00000100300
DB00675,1.6413355228087756e-05,4.78480263112866,Tamoxifen,L02,Endocrine therapy ,P35372,OPRM1,ENSG00000112038
DB00675,1.6413355228087756e-05,4.78480263112866,Tamoxifen,L02,Endocrine therapy ,P25101,EDNRA,ENSG00000151617
DB00675,1.6413355228087756e-05,4.78480263112866,Tamoxifen,L02,Endocrine therapy ,P03372,ESR1,ENSG00000091831
DB00675,1.6413355228087756e-05,4.78480263112866,Tamoxifen,L02,Endocrine therapy ,P34903,GABRA3,ENSG00000011677
DB00675,1.6413355228087756e-05,4.78480263112866,Tamoxifen,L02,Endocrine therapy ,Q02750,MAP2K1,ENSG00000169032
DB00675,1.6413355228087756e-05,4.78480263112866,Tamoxifen,L02,Endocrine therapy ,P07437,TUBB,ENSG00000196230
DB11638,1.64064222251013e-05,4.7849861159185325,Cotecxin,P01,Antiprotozoals ,P30536,TSPO,ENSG00000100300
DB11638,1.64064222251013e-05,4.7849861159185325,Cotecxin,P01,Antiprotozoals ,P35372,OPRM1,ENSG00000112038
DB11638,1.64064222251013e-05,4.7849861159185325,Cotecxin,P01,Antiprotozoals ,P25101,EDNRA,ENSG00000151617
DB11638,1.64064222251013e-05,4.7849861159185325,Cotecxin,P01,Antiprotozoals ,P03372,ESR1,ENSG00000091831
DB11638,1.64064222251013e-05,4.7849861159185325,Cotecxin,P01,Antiprotozoals ,P34903,GABRA3,ENSG00000011677
DB11638,1.64064222251013e-05,4.7849861159185325,Cotecxin,P01,Antiprotozoals ,Q02750,MAP2K1,ENSG00000169032
DB11638,1.64064222251013e-05,4.7849861159185325,Cotecxin,P01,Antiprotozoals ,P07437,TUBB,ENSG00000196230
DB01159,1.5487851667932798e-05,4.810008819391748,Halothane,N01,Anesthetics ,P30536,TSPO,ENSG00000100300
DB01159,1.5487851667932798e-05,4.810008819391748,Halothane,N01,Anesthetics ,P35372,OPRM1,ENSG00000112038
DB01159,1.5487851667932798e-05,4.810008819391748,Halothane,N01,Anesthetics ,P25101,EDNRA,ENSG00000151617
DB01159,1.5487851667932798e-05,4.810008819391748,Halothane,N01,Anesthetics ,P03372,ESR1,ENSG00000091831
DB01159,1.5487851667932798e-05,4.810008819391748,Halothane,N01,Anesthetics ,P34903,GABRA3,ENSG00000011677
DB01159,1.5487851667932798e-05,4.810008819391748,Halothane,N01,Anesthetics ,Q02750,MAP2K1,ENSG00000169032
DB01159,1.5487851667932798e-05,4.810008819391748,Halothane,N01,Anesthetics ,P07437,TUBB,ENSG00000196230
DB01199,1.5367515945247796e-05,4.813396327585369,Tubocurarine,M03,Muscle relaxants ,P30536,TSPO,ENSG00000100300
DB01199,1.5367515945247796e-05,4.813396327585369,Tubocurarine,M03,Muscle relaxants ,P35372,OPRM1,ENSG00000112038
DB01199,1.5367515945247796e-05,4.813396327585369,Tubocurarine,M03,Muscle relaxants ,P25101,EDNRA,ENSG00000151617
DB01199,1.5367515945247796e-05,4.813396327585369,Tubocurarine,M03,Muscle relaxants ,P03372,ESR1,ENSG00000091831
DB01199,1.5367515945247796e-05,4.813396327585369,Tubocurarine,M03,Muscle relaxants ,P34903,GABRA3,ENSG00000011677
DB01199,1.5367515945247796e-05,4.813396327585369,Tubocurarine,M03,Muscle relaxants ,Q02750,MAP2K1,ENSG00000169032
DB01199,1.5367515945247796e-05,4.813396327585369,Tubocurarine,M03,Muscle relaxants ,P07437,TUBB,ENSG00000196230
DB00822,1.5357779720034834e-05,4.813671565882317,Disulfiram,N07,Other nervous system drugs ,P30536,TSPO,ENSG00000100300
DB00822,1.5357779720034834e-05,4.813671565882317,Disulfiram,N07,Other nervous system drugs ,P35372,OPRM1,ENSG00000112038
DB00822,1.5357779720034834e-05,4.813671565882317,Disulfiram,N07,Other nervous system drugs ,P25101,EDNRA,ENSG00000151617
DB00822,1.5357779720034834e-05,4.813671565882317,Disulfiram,N07,Other nervous system drugs ,P03372,ESR1,ENSG00000091831
DB00822,1.5357779720034834e-05,4.813671565882317,Disulfiram,N07,Other nervous system drugs ,P34903,GABRA3,ENSG00000011677
DB00822,1.5357779720034834e-05,4.813671565882317,Disulfiram,N07,Other nervous system drugs ,Q02750,MAP2K1,ENSG00000169032
DB00822,1.5357779720034834e-05,4.813671565882317,Disulfiram,N07,Other nervous system drugs ,P07437,TUBB,ENSG00000196230
DB00822,1.5357779720034834e-05,4.813671565882317,Disulfiram,P03,"Ectoparasiticides, incl. scabicides, insecticides and repellents ",P30536,TSPO,ENSG00000100300
DB00822,1.5357779720034834e-05,4.813671565882317,Disulfiram,P03,"Ectoparasiticides, incl. scabicides, insecticides and repellents ",P35372,OPRM1,ENSG00000112038
DB00822,1.5357779720034834e-05,4.813671565882317,Disulfiram,P03,"Ectoparasiticides, incl. scabicides, insecticides and repellents ",P25101,EDNRA,ENSG00000151617
DB00822,1.5357779720034834e-05,4.813671565882317,Disulfiram,P03,"Ectoparasiticides, incl. scabicides, insecticides and repellents ",P03372,ESR1,ENSG00000091831
DB00822,1.5357779720034834e-05,4.813671565882317,Disulfiram,P03,"Ectoparasiticides, incl. scabicides, insecticides and repellents ",P34903,GABRA3,ENSG00000011677
DB00822,1.5357779720034834e-05,4.813671565882317,Disulfiram,P03,"Ectoparasiticides, incl. scabicides, insecticides and repellents ",Q02750,MAP2K1,ENSG00000169032
DB00822,1.5357779720034834e-05,4.813671565882317,Disulfiram,P03,"Ectoparasiticides, incl. scabicides, insecticides and repellents ",P07437,TUBB,ENSG00000196230
DB13953,1.5250762481096077e-05,4.816708442674275,,,,P30536,TSPO,ENSG00000100300
DB13953,1.5250762481096077e-05,4.816708442674275,,,,P35372,OPRM1,ENSG00000112038
DB13953,1.5250762481096077e-05,4.816708442674275,,,,P25101,EDNRA,ENSG00000151617
DB13953,1.5250762481096077e-05,4.816708442674275,,,,P03372,ESR1,ENSG00000091831
DB13953,1.5250762481096077e-05,4.816708442674275,,,,P34903,GABRA3,ENSG00000011677
DB13953,1.5250762481096077e-05,4.816708442674275,,,,Q02750,MAP2K1,ENSG00000169032
DB13953,1.5250762481096077e-05,4.816708442674275,,,,P07437,TUBB,ENSG00000196230
DB01198,1.5238132329176578e-05,4.81706825929814,Zopiclone,N05,Psycholeptics ,P30536,TSPO,ENSG00000100300
DB01198,1.5238132329176578e-05,4.81706825929814,Zopiclone,N05,Psycholeptics ,P35372,OPRM1,ENSG00000112038
DB01198,1.5238132329176578e-05,4.81706825929814,Zopiclone,N05,Psycholeptics ,P25101,EDNRA,ENSG00000151617
DB01198,1.5238132329176578e-05,4.81706825929814,Zopiclone,N05,Psycholeptics ,P03372,ESR1,ENSG00000091831
DB01198,1.5238132329176578e-05,4.81706825929814,Zopiclone,N05,Psycholeptics ,P34903,GABRA3,ENSG00000011677
DB01198,1.5238132329176578e-05,4.81706825929814,Zopiclone,N05,Psycholeptics ,Q02750,MAP2K1,ENSG00000169032
DB01198,1.5238132329176578e-05,4.81706825929814,Zopiclone,N05,Psycholeptics ,P07437,TUBB,ENSG00000196230
DB00334,1.4981982086206664e-05,4.824430726545895,Olanzapine,N05,Psycholeptics ,P30536,TSPO,ENSG00000100300
DB00334,1.4981982086206664e-05,4.824430726545895,Olanzapine,N05,Psycholeptics ,P35372,OPRM1,ENSG00000112038
DB00334,1.4981982086206664e-05,4.824430726545895,Olanzapine,N05,Psycholeptics ,P25101,EDNRA,ENSG00000151617
DB00334,1.4981982086206664e-05,4.824430726545895,Olanzapine,N05,Psycholeptics ,P03372,ESR1,ENSG00000091831
DB00334,1.4981982086206664e-05,4.824430726545895,Olanzapine,N05,Psycholeptics ,P34903,GABRA3,ENSG00000011677
DB00334,1.4981982086206664e-05,4.824430726545895,Olanzapine,N05,Psycholeptics ,Q02750,MAP2K1,ENSG00000169032
DB00334,1.4981982086206664e-05,4.824430726545895,Olanzapine,N05,Psycholeptics ,P07437,TUBB,ENSG00000196230
DB01189,1.4850361297981694e-05,4.828262980164209,Desflurane,N01,Anesthetics ,P30536,TSPO,ENSG00000100300
DB01189,1.4850361297981694e-05,4.828262980164209,Desflurane,N01,Anesthetics ,P35372,OPRM1,ENSG00000112038
DB01189,1.4850361297981694e-05,4.828262980164209,Desflurane,N01,Anesthetics ,P25101,EDNRA,ENSG00000151617
DB01189,1.4850361297981694e-05,4.828262980164209,Desflurane,N01,Anesthetics ,P03372,ESR1,ENSG00000091831
DB01189,1.4850361297981694e-05,4.828262980164209,Desflurane,N01,Anesthetics ,P34903,GABRA3,ENSG00000011677
DB01189,1.4850361297981694e-05,4.828262980164209,Desflurane,N01,Anesthetics ,Q02750,MAP2K1,ENSG00000169032
DB01189,1.4850361297981694e-05,4.828262980164209,Desflurane,N01,Anesthetics ,P07437,TUBB,ENSG00000196230
DB00252,1.4842290054363872e-05,4.828499085496135,Phenytoin,N03,Antiepileptics ,P30536,TSPO,ENSG00000100300
DB00252,1.4842290054363872e-05,4.828499085496135,Phenytoin,N03,Antiepileptics ,P35372,OPRM1,ENSG00000112038
DB00252,1.4842290054363872e-05,4.828499085496135,Phenytoin,N03,Antiepileptics ,P25101,EDNRA,ENSG00000151617
DB00252,1.4842290054363872e-05,4.828499085496135,Phenytoin,N03,Antiepileptics ,P03372,ESR1,ENSG00000091831
DB00252,1.4842290054363872e-05,4.828499085496135,Phenytoin,N03,Antiepileptics ,P34903,GABRA3,ENSG00000011677
DB00252,1.4842290054363872e-05,4.828499085496135,Phenytoin,N03,Antiepileptics ,Q02750,MAP2K1,ENSG00000169032
DB00252,1.4842290054363872e-05,4.828499085496135,Phenytoin,N03,Antiepileptics ,P07437,TUBB,ENSG00000196230
DB00783,1.474635824151302e-05,4.831315219746466,Estradiol,G03,Sex hormones and modulators of the genital system ,P30536,TSPO,ENSG00000100300
DB00783,1.474635824151302e-05,4.831315219746466,Estradiol,G03,Sex hormones and modulators of the genital system ,P35372,OPRM1,ENSG00000112038
DB00783,1.474635824151302e-05,4.831315219746466,Estradiol,G03,Sex hormones and modulators of the genital system ,P25101,EDNRA,ENSG00000151617
DB00783,1.474635824151302e-05,4.831315219746466,Estradiol,G03,Sex hormones and modulators of the genital system ,P03372,ESR1,ENSG00000091831
DB00783,1.474635824151302e-05,4.831315219746466,Estradiol,G03,Sex hormones and modulators of the genital system ,P34903,GABRA3,ENSG00000011677
DB00783,1.474635824151302e-05,4.831315219746466,Estradiol,G03,Sex hormones and modulators of the genital system ,Q02750,MAP2K1,ENSG00000169032
DB00783,1.474635824151302e-05,4.831315219746466,Estradiol,G03,Sex hormones and modulators of the genital system ,P07437,TUBB,ENSG00000196230
DB00237,1.4734424382354836e-05,4.831666825708182,,,,P30536,TSPO,ENSG00000100300
DB00237,1.4734424382354836e-05,4.831666825708182,,,,P35372,OPRM1,ENSG00000112038
DB00237,1.4734424382354836e-05,4.831666825708182,,,,P25101,EDNRA,ENSG00000151617
DB00237,1.4734424382354836e-05,4.831666825708182,,,,P03372,ESR1,ENSG00000091831
DB00237,1.4734424382354836e-05,4.831666825708182,,,,P34903,GABRA3,ENSG00000011677
DB00237,1.4734424382354836e-05,4.831666825708182,,,,Q02750,MAP2K1,ENSG00000169032
DB00237,1.4734424382354836e-05,4.831666825708182,,,,P07437,TUBB,ENSG00000196230
DB00753,1.4402191051610232e-05,4.841571432263212,Isoflurane,N01,Anesthetics ,P30536,TSPO,ENSG00000100300
DB00753,1.4402191051610232e-05,4.841571432263212,Isoflurane,N01,Anesthetics ,P35372,OPRM1,ENSG00000112038
DB00753,1.4402191051610232e-05,4.841571432263212,Isoflurane,N01,Anesthetics ,P25101,EDNRA,ENSG00000151617
DB00753,1.4402191051610232e-05,4.841571432263212,Isoflurane,N01,Anesthetics ,P03372,ESR1,ENSG00000091831
DB00753,1.4402191051610232e-05,4.841571432263212,Isoflurane,N01,Anesthetics ,P34903,GABRA3,ENSG00000011677
DB00753,1.4402191051610232e-05,4.841571432263212,Isoflurane,N01,Anesthetics ,Q02750,MAP2K1,ENSG00000169032
DB00753,1.4402191051610232e-05,4.841571432263212,Isoflurane,N01,Anesthetics ,P07437,TUBB,ENSG00000196230
DB01708,1.433833784597154e-05,4.843501190799434,Prasterone,A14,Anabolic agents for systemic use ,P30536,TSPO,ENSG00000100300
DB01708,1.433833784597154e-05,4.843501190799434,Prasterone,A14,Anabolic agents for systemic use ,P35372,OPRM1,ENSG00000112038
DB01708,1.433833784597154e-05,4.843501190799434,Prasterone,A14,Anabolic agents for systemic use ,P25101,EDNRA,ENSG00000151617
DB01708,1.433833784597154e-05,4.843501190799434,Prasterone,A14,Anabolic agents for systemic use ,P03372,ESR1,ENSG00000091831
DB01708,1.433833784597154e-05,4.843501190799434,Prasterone,A14,Anabolic agents for systemic use ,P34903,GABRA3,ENSG00000011677
DB01708,1.433833784597154e-05,4.843501190799434,Prasterone,A14,Anabolic agents for systemic use ,Q02750,MAP2K1,ENSG00000169032
DB01708,1.433833784597154e-05,4.843501190799434,Prasterone,A14,Anabolic agents for systemic use ,P07437,TUBB,ENSG00000196230
DB01708,1.433833784597154e-05,4.843501190799434,Prasterone,G03,Sex hormones and modulators of the genital system,P30536,TSPO,ENSG00000100300
DB01708,1.433833784597154e-05,4.843501190799434,Prasterone,G03,Sex hormones and modulators of the genital system,P35372,OPRM1,ENSG00000112038
DB01708,1.433833784597154e-05,4.843501190799434,Prasterone,G03,Sex hormones and modulators of the genital system,P25101,EDNRA,ENSG00000151617
DB01708,1.433833784597154e-05,4.843501190799434,Prasterone,G03,Sex hormones and modulators of the genital system,P03372,ESR1,ENSG00000091831
DB01708,1.433833784597154e-05,4.843501190799434,Prasterone,G03,Sex hormones and modulators of the genital system,P34903,GABRA3,ENSG00000011677
DB01708,1.433833784597154e-05,4.843501190799434,Prasterone,G03,Sex hormones and modulators of the genital system,Q02750,MAP2K1,ENSG00000169032
DB01708,1.433833784597154e-05,4.843501190799434,Prasterone,G03,Sex hormones and modulators of the genital system,P07437,TUBB,ENSG00000196230
DB01236,1.4316106975102692e-05,4.844175065065268,Sevoflurane,N01,Anesthetics ,P30536,TSPO,ENSG00000100300
DB01236,1.4316106975102692e-05,4.844175065065268,Sevoflurane,N01,Anesthetics ,P35372,OPRM1,ENSG00000112038
DB01236,1.4316106975102692e-05,4.844175065065268,Sevoflurane,N01,Anesthetics ,P25101,EDNRA,ENSG00000151617
DB01236,1.4316106975102692e-05,4.844175065065268,Sevoflurane,N01,Anesthetics ,P03372,ESR1,ENSG00000091831
DB01236,1.4316106975102692e-05,4.844175065065268,Sevoflurane,N01,Anesthetics ,P34903,GABRA3,ENSG00000011677
DB01236,1.4316106975102692e-05,4.844175065065268,Sevoflurane,N01,Anesthetics ,Q02750,MAP2K1,ENSG00000169032
DB01236,1.4316106975102692e-05,4.844175065065268,Sevoflurane,N01,Anesthetics ,P07437,TUBB,ENSG00000196230
DB01043,1.4029560856094236e-05,4.852955922753527,Memantine,N06,Psychoanaleptics ,P30536,TSPO,ENSG00000100300
DB01043,1.4029560856094236e-05,4.852955922753527,Memantine,N06,Psychoanaleptics ,P35372,OPRM1,ENSG00000112038
DB01043,1.4029560856094236e-05,4.852955922753527,Memantine,N06,Psychoanaleptics ,P25101,EDNRA,ENSG00000151617
DB01043,1.4029560856094236e-05,4.852955922753527,Memantine,N06,Psychoanaleptics ,P03372,ESR1,ENSG00000091831
DB01043,1.4029560856094236e-05,4.852955922753527,Memantine,N06,Psychoanaleptics ,P34903,GABRA3,ENSG00000011677
DB01043,1.4029560856094236e-05,4.852955922753527,Memantine,N06,Psychoanaleptics ,Q02750,MAP2K1,ENSG00000169032
DB01043,1.4029560856094236e-05,4.852955922753527,Memantine,N06,Psychoanaleptics ,P07437,TUBB,ENSG00000196230
DB00257,1.4007253166101587e-05,4.853647021870891,Clotrimazole,A01,Stomatological preparations ,P30536,TSPO,ENSG00000100300
DB00257,1.4007253166101587e-05,4.853647021870891,Clotrimazole,A01,Stomatological preparations ,P35372,OPRM1,ENSG00000112038
DB00257,1.4007253166101587e-05,4.853647021870891,Clotrimazole,A01,Stomatological preparations ,P25101,EDNRA,ENSG00000151617
DB00257,1.4007253166101587e-05,4.853647021870891,Clotrimazole,A01,Stomatological preparations ,P03372,ESR1,ENSG00000091831
DB00257,1.4007253166101587e-05,4.853647021870891,Clotrimazole,A01,Stomatological preparations ,P34903,GABRA3,ENSG00000011677
DB00257,1.4007253166101587e-05,4.853647021870891,Clotrimazole,A01,Stomatological preparations ,Q02750,MAP2K1,ENSG00000169032
DB00257,1.4007253166101587e-05,4.853647021870891,Clotrimazole,A01,Stomatological preparations ,P07437,TUBB,ENSG00000196230
DB00257,1.4007253166101587e-05,4.853647021870891,Clotrimazole,D01,Antifungals for dermatological use ,P30536,TSPO,ENSG00000100300
DB00257,1.4007253166101587e-05,4.853647021870891,Clotrimazole,D01,Antifungals for dermatological use ,P35372,OPRM1,ENSG00000112038
DB00257,1.4007253166101587e-05,4.853647021870891,Clotrimazole,D01,Antifungals for dermatological use ,P25101,EDNRA,ENSG00000151617
DB00257,1.4007253166101587e-05,4.853647021870891,Clotrimazole,D01,Antifungals for dermatological use ,P03372,ESR1,ENSG00000091831
DB00257,1.4007253166101587e-05,4.853647021870891,Clotrimazole,D01,Antifungals for dermatological use ,P34903,GABRA3,ENSG00000011677
DB00257,1.4007253166101587e-05,4.853647021870891,Clotrimazole,D01,Antifungals for dermatological use ,Q02750,MAP2K1,ENSG00000169032
DB00257,1.4007253166101587e-05,4.853647021870891,Clotrimazole,D01,Antifungals for dermatological use ,P07437,TUBB,ENSG00000196230
DB00257,1.4007253166101587e-05,4.853647021870891,Clotrimazole,G01,Gynecological antiinfectives and antiseptics ,P30536,TSPO,ENSG00000100300
DB00257,1.4007253166101587e-05,4.853647021870891,Clotrimazole,G01,Gynecological antiinfectives and antiseptics ,P35372,OPRM1,ENSG00000112038
DB00257,1.4007253166101587e-05,4.853647021870891,Clotrimazole,G01,Gynecological antiinfectives and antiseptics ,P25101,EDNRA,ENSG00000151617
DB00257,1.4007253166101587e-05,4.853647021870891,Clotrimazole,G01,Gynecological antiinfectives and antiseptics ,P03372,ESR1,ENSG00000091831
DB00257,1.4007253166101587e-05,4.853647021870891,Clotrimazole,G01,Gynecological antiinfectives and antiseptics ,P34903,GABRA3,ENSG00000011677
DB00257,1.4007253166101587e-05,4.853647021870891,Clotrimazole,G01,Gynecological antiinfectives and antiseptics ,Q02750,MAP2K1,ENSG00000169032
DB00257,1.4007253166101587e-05,4.853647021870891,Clotrimazole,G01,Gynecological antiinfectives and antiseptics ,P07437,TUBB,ENSG00000196230
DB00843,1.3949753535002252e-05,4.855433465460927,Donepezil,N06,Psychoanaleptics ,P30536,TSPO,ENSG00000100300
DB00843,1.3949753535002252e-05,4.855433465460927,Donepezil,N06,Psychoanaleptics ,P35372,OPRM1,ENSG00000112038
DB00843,1.3949753535002252e-05,4.855433465460927,Donepezil,N06,Psychoanaleptics ,P25101,EDNRA,ENSG00000151617
DB00843,1.3949753535002252e-05,4.855433465460927,Donepezil,N06,Psychoanaleptics ,P03372,ESR1,ENSG00000091831
DB00843,1.3949753535002252e-05,4.855433465460927,Donepezil,N06,Psychoanaleptics ,P34903,GABRA3,ENSG00000011677
DB00843,1.3949753535002252e-05,4.855433465460927,Donepezil,N06,Psychoanaleptics ,Q02750,MAP2K1,ENSG00000169032
DB00843,1.3949753535002252e-05,4.855433465460927,Donepezil,N06,Psychoanaleptics ,P07437,TUBB,ENSG00000196230
DB00637,1.3644561271682912e-05,4.865040424109175,Astemizole,R06,Antihistamines for systemic use ,P30536,TSPO,ENSG00000100300
DB00637,1.3644561271682912e-05,4.865040424109175,Astemizole,R06,Antihistamines for systemic use ,P35372,OPRM1,ENSG00000112038
DB00637,1.3644561271682912e-05,4.865040424109175,Astemizole,R06,Antihistamines for systemic use ,P25101,EDNRA,ENSG00000151617
DB00637,1.3644561271682912e-05,4.865040424109175,Astemizole,R06,Antihistamines for systemic use ,P03372,ESR1,ENSG00000091831
DB00637,1.3644561271682912e-05,4.865040424109175,Astemizole,R06,Antihistamines for systemic use ,P34903,GABRA3,ENSG00000011677
DB00637,1.3644561271682912e-05,4.865040424109175,Astemizole,R06,Antihistamines for systemic use ,Q02750,MAP2K1,ENSG00000169032
DB00637,1.3644561271682912e-05,4.865040424109175,Astemizole,R06,Antihistamines for systemic use ,P07437,TUBB,ENSG00000196230
DB04786,1.3577758322925003e-05,4.867171925809969,,,,P30536,TSPO,ENSG00000100300
DB04786,1.3577758322925003e-05,4.867171925809969,,,,P35372,OPRM1,ENSG00000112038
DB04786,1.3577758322925003e-05,4.867171925809969,,,,P25101,EDNRA,ENSG00000151617
DB04786,1.3577758322925003e-05,4.867171925809969,,,,P03372,ESR1,ENSG00000091831
DB04786,1.3577758322925003e-05,4.867171925809969,,,,P34903,GABRA3,ENSG00000011677
DB04786,1.3577758322925003e-05,4.867171925809969,,,,Q02750,MAP2K1,ENSG00000169032
DB04786,1.3577758322925003e-05,4.867171925809969,,,,P07437,TUBB,ENSG00000196230
DB00312,1.3533470844558511e-05,4.868590808329939,Pentobarbital,N05,Psycholeptics ,P30536,TSPO,ENSG00000100300
DB00312,1.3533470844558511e-05,4.868590808329939,Pentobarbital,N05,Psycholeptics ,P35372,OPRM1,ENSG00000112038
DB00312,1.3533470844558511e-05,4.868590808329939,Pentobarbital,N05,Psycholeptics ,P25101,EDNRA,ENSG00000151617
DB00312,1.3533470844558511e-05,4.868590808329939,Pentobarbital,N05,Psycholeptics ,P03372,ESR1,ENSG00000091831
DB00312,1.3533470844558511e-05,4.868590808329939,Pentobarbital,N05,Psycholeptics ,P34903,GABRA3,ENSG00000011677
DB00312,1.3533470844558511e-05,4.868590808329939,Pentobarbital,N05,Psycholeptics ,Q02750,MAP2K1,ENSG00000169032
DB00312,1.3533470844558511e-05,4.868590808329939,Pentobarbital,N05,Psycholeptics ,P07437,TUBB,ENSG00000196230
DB00603,1.3517788323408155e-05,4.869094358506192,,,,P30536,TSPO,ENSG00000100300
DB00603,1.3517788323408155e-05,4.869094358506192,,,,P35372,OPRM1,ENSG00000112038
DB00603,1.3517788323408155e-05,4.869094358506192,,,,P25101,EDNRA,ENSG00000151617
DB00603,1.3517788323408155e-05,4.869094358506192,,,,P03372,ESR1,ENSG00000091831
DB00603,1.3517788323408155e-05,4.869094358506192,,,,P34903,GABRA3,ENSG00000011677
DB00603,1.3517788323408155e-05,4.869094358506192,,,,Q02750,MAP2K1,ENSG00000169032
DB00603,1.3517788323408155e-05,4.869094358506192,,,,P07437,TUBB,ENSG00000196230
DB13956,1.3377292896545395e-05,4.8736317639256574,,,,P30536,TSPO,ENSG00000100300
DB13956,1.3377292896545395e-05,4.8736317639256574,,,,P35372,OPRM1,ENSG00000112038
DB13956,1.3377292896545395e-05,4.8736317639256574,,,,P25101,EDNRA,ENSG00000151617
DB13956,1.3377292896545395e-05,4.8736317639256574,,,,P03372,ESR1,ENSG00000091831
DB13956,1.3377292896545395e-05,4.8736317639256574,,,,P34903,GABRA3,ENSG00000011677
DB13956,1.3377292896545395e-05,4.8736317639256574,,,,Q02750,MAP2K1,ENSG00000169032
DB13956,1.3377292896545395e-05,4.8736317639256574,,,,P07437,TUBB,ENSG00000196230
DB13954,1.3377292896545395e-05,4.8736317639256574,,,,P30536,TSPO,ENSG00000100300
DB13954,1.3377292896545395e-05,4.8736317639256574,,,,P35372,OPRM1,ENSG00000112038
DB13954,1.3377292896545395e-05,4.8736317639256574,,,,P25101,EDNRA,ENSG00000151617
DB13954,1.3377292896545395e-05,4.8736317639256574,,,,P03372,ESR1,ENSG00000091831
DB13954,1.3377292896545395e-05,4.8736317639256574,,,,P34903,GABRA3,ENSG00000011677
DB13954,1.3377292896545395e-05,4.8736317639256574,,,,Q02750,MAP2K1,ENSG00000169032
DB13954,1.3377292896545395e-05,4.8736317639256574,,,,P07437,TUBB,ENSG00000196230
DB13952,1.3377292896545395e-05,4.8736317639256574,,,,P30536,TSPO,ENSG00000100300
DB13952,1.3377292896545395e-05,4.8736317639256574,,,,P35372,OPRM1,ENSG00000112038
DB13952,1.3377292896545395e-05,4.8736317639256574,,,,P25101,EDNRA,ENSG00000151617
DB13952,1.3377292896545395e-05,4.8736317639256574,,,,P03372,ESR1,ENSG00000091831
DB13952,1.3377292896545395e-05,4.8736317639256574,,,,P34903,GABRA3,ENSG00000011677
DB13952,1.3377292896545395e-05,4.8736317639256574,,,,Q02750,MAP2K1,ENSG00000169032
DB13952,1.3377292896545395e-05,4.8736317639256574,,,,P07437,TUBB,ENSG00000196230
DB13955,1.3377292896545395e-05,4.8736317639256574,,,,P30536,TSPO,ENSG00000100300
DB13955,1.3377292896545395e-05,4.8736317639256574,,,,P35372,OPRM1,ENSG00000112038
DB13955,1.3377292896545395e-05,4.8736317639256574,,,,P25101,EDNRA,ENSG00000151617
DB13955,1.3377292896545395e-05,4.8736317639256574,,,,P03372,ESR1,ENSG00000091831
DB13955,1.3377292896545395e-05,4.8736317639256574,,,,P34903,GABRA3,ENSG00000011677
DB13955,1.3377292896545395e-05,4.8736317639256574,,,,Q02750,MAP2K1,ENSG00000169032
DB13955,1.3377292896545395e-05,4.8736317639256574,,,,P07437,TUBB,ENSG00000196230
DB00313,1.336552417288208e-05,4.87401400429044,Valproic Acid,N03,Antiepileptics ,P30536,TSPO,ENSG00000100300
DB00313,1.336552417288208e-05,4.87401400429044,Valproic Acid,N03,Antiepileptics ,P35372,OPRM1,ENSG00000112038
DB00313,1.336552417288208e-05,4.87401400429044,Valproic Acid,N03,Antiepileptics ,P25101,EDNRA,ENSG00000151617
DB00313,1.336552417288208e-05,4.87401400429044,Valproic Acid,N03,Antiepileptics ,P03372,ESR1,ENSG00000091831
DB00313,1.336552417288208e-05,4.87401400429044,Valproic Acid,N03,Antiepileptics ,P34903,GABRA3,ENSG00000011677
DB00313,1.336552417288208e-05,4.87401400429044,Valproic Acid,N03,Antiepileptics ,Q02750,MAP2K1,ENSG00000169032
DB00313,1.336552417288208e-05,4.87401400429044,Valproic Acid,N03,Antiepileptics ,P07437,TUBB,ENSG00000196230
DB08818,1.3318100586334448e-05,4.87555770937702,,,,P30536,TSPO,ENSG00000100300
DB08818,1.3318100586334448e-05,4.87555770937702,,,,P35372,OPRM1,ENSG00000112038
DB08818,1.3318100586334448e-05,4.87555770937702,,,,P25101,EDNRA,ENSG00000151617
DB08818,1.3318100586334448e-05,4.87555770937702,,,,P03372,ESR1,ENSG00000091831
DB08818,1.3318100586334448e-05,4.87555770937702,,,,P34903,GABRA3,ENSG00000011677
DB08818,1.3318100586334448e-05,4.87555770937702,,,,Q02750,MAP2K1,ENSG00000169032
DB08818,1.3318100586334448e-05,4.87555770937702,,,,P07437,TUBB,ENSG00000196230
DB00328,1.3313240800078536e-05,4.8757162127244085,Indomethacin,C01,Cardiac therapy,P30536,TSPO,ENSG00000100300
DB00328,1.3313240800078536e-05,4.8757162127244085,Indomethacin,C01,Cardiac therapy,P35372,OPRM1,ENSG00000112038
DB00328,1.3313240800078536e-05,4.8757162127244085,Indomethacin,C01,Cardiac therapy,P25101,EDNRA,ENSG00000151617
DB00328,1.3313240800078536e-05,4.8757162127244085,Indomethacin,C01,Cardiac therapy,P03372,ESR1,ENSG00000091831
DB00328,1.3313240800078536e-05,4.8757162127244085,Indomethacin,C01,Cardiac therapy,P34903,GABRA3,ENSG00000011677
DB00328,1.3313240800078536e-05,4.8757162127244085,Indomethacin,C01,Cardiac therapy,Q02750,MAP2K1,ENSG00000169032
DB00328,1.3313240800078536e-05,4.8757162127244085,Indomethacin,C01,Cardiac therapy,P07437,TUBB,ENSG00000196230
DB00328,1.3313240800078536e-05,4.8757162127244085,Indomethacin,M02,Topical products for joint and muscular pain ,P30536,TSPO,ENSG00000100300
DB00328,1.3313240800078536e-05,4.8757162127244085,Indomethacin,M02,Topical products for joint and muscular pain ,P35372,OPRM1,ENSG00000112038
DB00328,1.3313240800078536e-05,4.8757162127244085,Indomethacin,M02,Topical products for joint and muscular pain ,P25101,EDNRA,ENSG00000151617
DB00328,1.3313240800078536e-05,4.8757162127244085,Indomethacin,M02,Topical products for joint and muscular pain ,P03372,ESR1,ENSG00000091831
DB00328,1.3313240800078536e-05,4.8757162127244085,Indomethacin,M02,Topical products for joint and muscular pain ,P34903,GABRA3,ENSG00000011677
DB00328,1.3313240800078536e-05,4.8757162127244085,Indomethacin,M02,Topical products for joint and muscular pain ,Q02750,MAP2K1,ENSG00000169032
DB00328,1.3313240800078536e-05,4.8757162127244085,Indomethacin,M02,Topical products for joint and muscular pain ,P07437,TUBB,ENSG00000196230
DB00328,1.3313240800078536e-05,4.8757162127244085,Indomethacin,S01,Ophthalmologicals ,P30536,TSPO,ENSG00000100300
DB00328,1.3313240800078536e-05,4.8757162127244085,Indomethacin,S01,Ophthalmologicals ,P35372,OPRM1,ENSG00000112038
DB00328,1.3313240800078536e-05,4.8757162127244085,Indomethacin,S01,Ophthalmologicals ,P25101,EDNRA,ENSG00000151617
DB00328,1.3313240800078536e-05,4.8757162127244085,Indomethacin,S01,Ophthalmologicals ,P03372,ESR1,ENSG00000091831
DB00328,1.3313240800078536e-05,4.8757162127244085,Indomethacin,S01,Ophthalmologicals ,P34903,GABRA3,ENSG00000011677
DB00328,1.3313240800078536e-05,4.8757162127244085,Indomethacin,S01,Ophthalmologicals ,Q02750,MAP2K1,ENSG00000169032
DB00328,1.3313240800078536e-05,4.8757162127244085,Indomethacin,S01,Ophthalmologicals ,P07437,TUBB,ENSG00000196230
DB00328,1.3313240800078536e-05,4.8757162127244085,Indomethacin,M01,Antiinflammatory and antirheumatic products ,P30536,TSPO,ENSG00000100300
DB00328,1.3313240800078536e-05,4.8757162127244085,Indomethacin,M01,Antiinflammatory and antirheumatic products ,P35372,OPRM1,ENSG00000112038
DB00328,1.3313240800078536e-05,4.8757162127244085,Indomethacin,M01,Antiinflammatory and antirheumatic products ,P25101,EDNRA,ENSG00000151617
DB00328,1.3313240800078536e-05,4.8757162127244085,Indomethacin,M01,Antiinflammatory and antirheumatic products ,P03372,ESR1,ENSG00000091831
DB00328,1.3313240800078536e-05,4.8757162127244085,Indomethacin,M01,Antiinflammatory and antirheumatic products ,P34903,GABRA3,ENSG00000011677
DB00328,1.3313240800078536e-05,4.8757162127244085,Indomethacin,M01,Antiinflammatory and antirheumatic products ,Q02750,MAP2K1,ENSG00000169032
DB00328,1.3313240800078536e-05,4.8757162127244085,Indomethacin,M01,Antiinflammatory and antirheumatic products ,P07437,TUBB,ENSG00000196230
DB04868,1.3189961361890452e-05,4.879756476655481,Nilotinib,L01,Antineoplastic agents ,P30536,TSPO,ENSG00000100300
DB04868,1.3189961361890452e-05,4.879756476655481,Nilotinib,L01,Antineoplastic agents ,P35372,OPRM1,ENSG00000112038
DB04868,1.3189961361890452e-05,4.879756476655481,Nilotinib,L01,Antineoplastic agents ,P25101,EDNRA,ENSG00000151617
DB04868,1.3189961361890452e-05,4.879756476655481,Nilotinib,L01,Antineoplastic agents ,P03372,ESR1,ENSG00000091831
DB04868,1.3189961361890452e-05,4.879756476655481,Nilotinib,L01,Antineoplastic agents ,P34903,GABRA3,ENSG00000011677
DB04868,1.3189961361890452e-05,4.879756476655481,Nilotinib,L01,Antineoplastic agents ,Q02750,MAP2K1,ENSG00000169032
DB04868,1.3189961361890452e-05,4.879756476655481,Nilotinib,L01,Antineoplastic agents ,P07437,TUBB,ENSG00000196230
DB00909,1.3001333626624368e-05,4.886012097156432,Zonisamide,N03,Antiepileptics ,P30536,TSPO,ENSG00000100300
DB00909,1.3001333626624368e-05,4.886012097156432,Zonisamide,N03,Antiepileptics ,P35372,OPRM1,ENSG00000112038
DB00909,1.3001333626624368e-05,4.886012097156432,Zonisamide,N03,Antiepileptics ,P25101,EDNRA,ENSG00000151617
DB00909,1.3001333626624368e-05,4.886012097156432,Zonisamide,N03,Antiepileptics ,P03372,ESR1,ENSG00000091831
DB00909,1.3001333626624368e-05,4.886012097156432,Zonisamide,N03,Antiepileptics ,P34903,GABRA3,ENSG00000011677
DB00909,1.3001333626624368e-05,4.886012097156432,Zonisamide,N03,Antiepileptics ,Q02750,MAP2K1,ENSG00000169032
DB00909,1.3001333626624368e-05,4.886012097156432,Zonisamide,N03,Antiepileptics ,P07437,TUBB,ENSG00000196230
DB00818,1.2930449765195792e-05,4.888386368611832,Propofol,N01,Anesthetics ,P30536,TSPO,ENSG00000100300
DB00818,1.2930449765195792e-05,4.888386368611832,Propofol,N01,Anesthetics ,P35372,OPRM1,ENSG00000112038
DB00818,1.2930449765195792e-05,4.888386368611832,Propofol,N01,Anesthetics ,P25101,EDNRA,ENSG00000151617
DB00818,1.2930449765195792e-05,4.888386368611832,Propofol,N01,Anesthetics ,P03372,ESR1,ENSG00000091831
DB00818,1.2930449765195792e-05,4.888386368611832,Propofol,N01,Anesthetics ,P34903,GABRA3,ENSG00000011677
DB00818,1.2930449765195792e-05,4.888386368611832,Propofol,N01,Anesthetics ,Q02750,MAP2K1,ENSG00000169032
DB00818,1.2930449765195792e-05,4.888386368611832,Propofol,N01,Anesthetics ,P07437,TUBB,ENSG00000196230
DB00623,1.2540832625157404e-05,4.901673628377147,Fluphenazine,N05,Psycholeptics ,P30536,TSPO,ENSG00000100300
DB00623,1.2540832625157404e-05,4.901673628377147,Fluphenazine,N05,Psycholeptics ,P35372,OPRM1,ENSG00000112038
DB00623,1.2540832625157404e-05,4.901673628377147,Fluphenazine,N05,Psycholeptics ,P25101,EDNRA,ENSG00000151617
DB00623,1.2540832625157404e-05,4.901673628377147,Fluphenazine,N05,Psycholeptics ,P03372,ESR1,ENSG00000091831
DB00623,1.2540832625157404e-05,4.901673628377147,Fluphenazine,N05,Psycholeptics ,P34903,GABRA3,ENSG00000011677
DB00623,1.2540832625157404e-05,4.901673628377147,Fluphenazine,N05,Psycholeptics ,Q02750,MAP2K1,ENSG00000169032
DB00623,1.2540832625157404e-05,4.901673628377147,Fluphenazine,N05,Psycholeptics ,P07437,TUBB,ENSG00000196230
DB01863,1.2528886202668018e-05,4.902087535353446,,,,P30536,TSPO,ENSG00000100300
DB01863,1.2528886202668018e-05,4.902087535353446,,,,P35372,OPRM1,ENSG00000112038
DB01863,1.2528886202668018e-05,4.902087535353446,,,,P25101,EDNRA,ENSG00000151617
DB01863,1.2528886202668018e-05,4.902087535353446,,,,P03372,ESR1,ENSG00000091831
DB01863,1.2528886202668018e-05,4.902087535353446,,,,P34903,GABRA3,ENSG00000011677
DB01863,1.2528886202668018e-05,4.902087535353446,,,,Q02750,MAP2K1,ENSG00000169032
DB01863,1.2528886202668018e-05,4.902087535353446,,,,P07437,TUBB,ENSG00000196230
DB00321,1.243471585008817e-05,4.905364134491248,Amitriptyline,N06,Psychoanaleptics ,P30536,TSPO,ENSG00000100300
DB00321,1.243471585008817e-05,4.905364134491248,Amitriptyline,N06,Psychoanaleptics ,P35372,OPRM1,ENSG00000112038
DB00321,1.243471585008817e-05,4.905364134491248,Amitriptyline,N06,Psychoanaleptics ,P25101,EDNRA,ENSG00000151617
DB00321,1.243471585008817e-05,4.905364134491248,Amitriptyline,N06,Psychoanaleptics ,P03372,ESR1,ENSG00000091831
DB00321,1.243471585008817e-05,4.905364134491248,Amitriptyline,N06,Psychoanaleptics ,P34903,GABRA3,ENSG00000011677
DB00321,1.243471585008817e-05,4.905364134491248,Amitriptyline,N06,Psychoanaleptics ,Q02750,MAP2K1,ENSG00000169032
DB00321,1.243471585008817e-05,4.905364134491248,Amitriptyline,N06,Psychoanaleptics ,P07437,TUBB,ENSG00000196230
DB01127,1.2408974102574578e-05,4.906264121805675,Econazole,D01,Antifungals for dermatological use ,P30536,TSPO,ENSG00000100300
DB01127,1.2408974102574578e-05,4.906264121805675,Econazole,D01,Antifungals for dermatological use ,P35372,OPRM1,ENSG00000112038
DB01127,1.2408974102574578e-05,4.906264121805675,Econazole,D01,Antifungals for dermatological use ,P25101,EDNRA,ENSG00000151617
DB01127,1.2408974102574578e-05,4.906264121805675,Econazole,D01,Antifungals for dermatological use ,P03372,ESR1,ENSG00000091831
DB01127,1.2408974102574578e-05,4.906264121805675,Econazole,D01,Antifungals for dermatological use ,P34903,GABRA3,ENSG00000011677
DB01127,1.2408974102574578e-05,4.906264121805675,Econazole,D01,Antifungals for dermatological use ,Q02750,MAP2K1,ENSG00000169032
DB01127,1.2408974102574578e-05,4.906264121805675,Econazole,D01,Antifungals for dermatological use ,P07437,TUBB,ENSG00000196230
DB01127,1.2408974102574578e-05,4.906264121805675,Econazole,G01,Gynecological antiinfectives and antiseptics ,P30536,TSPO,ENSG00000100300
DB01127,1.2408974102574578e-05,4.906264121805675,Econazole,G01,Gynecological antiinfectives and antiseptics ,P35372,OPRM1,ENSG00000112038
DB01127,1.2408974102574578e-05,4.906264121805675,Econazole,G01,Gynecological antiinfectives and antiseptics ,P25101,EDNRA,ENSG00000151617
DB01127,1.2408974102574578e-05,4.906264121805675,Econazole,G01,Gynecological antiinfectives and antiseptics ,P03372,ESR1,ENSG00000091831
DB01127,1.2408974102574578e-05,4.906264121805675,Econazole,G01,Gynecological antiinfectives and antiseptics ,P34903,GABRA3,ENSG00000011677
DB01127,1.2408974102574578e-05,4.906264121805675,Econazole,G01,Gynecological antiinfectives and antiseptics ,Q02750,MAP2K1,ENSG00000169032
DB01127,1.2408974102574578e-05,4.906264121805675,Econazole,G01,Gynecological antiinfectives and antiseptics ,P07437,TUBB,ENSG00000196230
DB01238,1.2214045774330924e-05,4.913140456740507,Aripiprazole,N05,Psycholeptics ,P30536,TSPO,ENSG00000100300
DB01238,1.2214045774330924e-05,4.913140456740507,Aripiprazole,N05,Psycholeptics ,P35372,OPRM1,ENSG00000112038
DB01238,1.2214045774330924e-05,4.913140456740507,Aripiprazole,N05,Psycholeptics ,P25101,EDNRA,ENSG00000151617
DB01238,1.2214045774330924e-05,4.913140456740507,Aripiprazole,N05,Psycholeptics ,P03372,ESR1,ENSG00000091831
DB01238,1.2214045774330924e-05,4.913140456740507,Aripiprazole,N05,Psycholeptics ,P34903,GABRA3,ENSG00000011677
DB01238,1.2214045774330924e-05,4.913140456740507,Aripiprazole,N05,Psycholeptics ,Q02750,MAP2K1,ENSG00000169032
DB01238,1.2214045774330924e-05,4.913140456740507,Aripiprazole,N05,Psycholeptics ,P07437,TUBB,ENSG00000196230
DB00279,1.2010454715182176e-05,4.9204405499196495,,,,P30536,TSPO,ENSG00000100300
DB00279,1.2010454715182176e-05,4.9204405499196495,,,,P35372,OPRM1,ENSG00000112038
DB00279,1.2010454715182176e-05,4.9204405499196495,,,,P25101,EDNRA,ENSG00000151617
DB00279,1.2010454715182176e-05,4.9204405499196495,,,,P03372,ESR1,ENSG00000091831
DB00279,1.2010454715182176e-05,4.9204405499196495,,,,P34903,GABRA3,ENSG00000011677
DB00279,1.2010454715182176e-05,4.9204405499196495,,,,Q02750,MAP2K1,ENSG00000169032
DB00279,1.2010454715182176e-05,4.9204405499196495,,,,P07437,TUBB,ENSG00000196230
DB09118,1.196790698057422e-05,4.921981794979306,Stiripentol,N03,Antiepileptics ,P30536,TSPO,ENSG00000100300
DB09118,1.196790698057422e-05,4.921981794979306,Stiripentol,N03,Antiepileptics ,P35372,OPRM1,ENSG00000112038
DB09118,1.196790698057422e-05,4.921981794979306,Stiripentol,N03,Antiepileptics ,P25101,EDNRA,ENSG00000151617
DB09118,1.196790698057422e-05,4.921981794979306,Stiripentol,N03,Antiepileptics ,P03372,ESR1,ENSG00000091831
DB09118,1.196790698057422e-05,4.921981794979306,Stiripentol,N03,Antiepileptics ,P34903,GABRA3,ENSG00000011677
DB09118,1.196790698057422e-05,4.921981794979306,Stiripentol,N03,Antiepileptics ,Q02750,MAP2K1,ENSG00000169032
DB09118,1.196790698057422e-05,4.921981794979306,Stiripentol,N03,Antiepileptics ,P07437,TUBB,ENSG00000196230
DB01956,1.1954099387457627e-05,4.922483137723938,,,,P30536,TSPO,ENSG00000100300
DB01956,1.1954099387457627e-05,4.922483137723938,,,,P35372,OPRM1,ENSG00000112038
DB01956,1.1954099387457627e-05,4.922483137723938,,,,P25101,EDNRA,ENSG00000151617
DB01956,1.1954099387457627e-05,4.922483137723938,,,,P03372,ESR1,ENSG00000091831
DB01956,1.1954099387457627e-05,4.922483137723938,,,,P34903,GABRA3,ENSG00000011677
DB01956,1.1954099387457627e-05,4.922483137723938,,,,Q02750,MAP2K1,ENSG00000169032
DB01956,1.1954099387457627e-05,4.922483137723938,,,,P07437,TUBB,ENSG00000196230
DB01028,1.189413819596553e-05,4.924667019813824,Methoxyflurane,N02,Analgesics,P30536,TSPO,ENSG00000100300
DB01028,1.189413819596553e-05,4.924667019813824,Methoxyflurane,N02,Analgesics,P35372,OPRM1,ENSG00000112038
DB01028,1.189413819596553e-05,4.924667019813824,Methoxyflurane,N02,Analgesics,P25101,EDNRA,ENSG00000151617
DB01028,1.189413819596553e-05,4.924667019813824,Methoxyflurane,N02,Analgesics,P03372,ESR1,ENSG00000091831
DB01028,1.189413819596553e-05,4.924667019813824,Methoxyflurane,N02,Analgesics,P34903,GABRA3,ENSG00000011677
DB01028,1.189413819596553e-05,4.924667019813824,Methoxyflurane,N02,Analgesics,Q02750,MAP2K1,ENSG00000169032
DB01028,1.189413819596553e-05,4.924667019813824,Methoxyflurane,N02,Analgesics,P07437,TUBB,ENSG00000196230
DB00241,1.1775811969854324e-05,4.929009137543487,,,,P30536,TSPO,ENSG00000100300
DB00241,1.1775811969854324e-05,4.929009137543487,,,,P35372,OPRM1,ENSG00000112038
DB00241,1.1775811969854324e-05,4.929009137543487,,,,P25101,EDNRA,ENSG00000151617
DB00241,1.1775811969854324e-05,4.929009137543487,,,,P03372,ESR1,ENSG00000091831
DB00241,1.1775811969854324e-05,4.929009137543487,,,,P34903,GABRA3,ENSG00000011677
DB00241,1.1775811969854324e-05,4.929009137543487,,,,Q02750,MAP2K1,ENSG00000169032
DB00241,1.1775811969854324e-05,4.929009137543487,,,,P07437,TUBB,ENSG00000196230
DB00306,1.1775811969854324e-05,4.929009137543487,Talbutal,N05,Psycholeptics ,P30536,TSPO,ENSG00000100300
DB00306,1.1775811969854324e-05,4.929009137543487,Talbutal,N05,Psycholeptics ,P35372,OPRM1,ENSG00000112038
DB00306,1.1775811969854324e-05,4.929009137543487,Talbutal,N05,Psycholeptics ,P25101,EDNRA,ENSG00000151617
DB00306,1.1775811969854324e-05,4.929009137543487,Talbutal,N05,Psycholeptics ,P03372,ESR1,ENSG00000091831
DB00306,1.1775811969854324e-05,4.929009137543487,Talbutal,N05,Psycholeptics ,P34903,GABRA3,ENSG00000011677
DB00306,1.1775811969854324e-05,4.929009137543487,Talbutal,N05,Psycholeptics ,Q02750,MAP2K1,ENSG00000169032
DB00306,1.1775811969854324e-05,4.929009137543487,Talbutal,N05,Psycholeptics ,P07437,TUBB,ENSG00000196230
DB00463,1.1775811969854324e-05,4.929009137543487,Metharbital,N03,Antiepileptics ,P30536,TSPO,ENSG00000100300
DB00463,1.1775811969854324e-05,4.929009137543487,Metharbital,N03,Antiepileptics ,P35372,OPRM1,ENSG00000112038
DB00463,1.1775811969854324e-05,4.929009137543487,Metharbital,N03,Antiepileptics ,P25101,EDNRA,ENSG00000151617
DB00463,1.1775811969854324e-05,4.929009137543487,Metharbital,N03,Antiepileptics ,P03372,ESR1,ENSG00000091831
DB00463,1.1775811969854324e-05,4.929009137543487,Metharbital,N03,Antiepileptics ,P34903,GABRA3,ENSG00000011677
DB00463,1.1775811969854324e-05,4.929009137543487,Metharbital,N03,Antiepileptics ,Q02750,MAP2K1,ENSG00000169032
DB00463,1.1775811969854324e-05,4.929009137543487,Metharbital,N03,Antiepileptics ,P07437,TUBB,ENSG00000196230
DB00794,1.1775811969854324e-05,4.929009137543487,Primidone,N03,Antiepileptics ,P30536,TSPO,ENSG00000100300
DB00794,1.1775811969854324e-05,4.929009137543487,Primidone,N03,Antiepileptics ,P35372,OPRM1,ENSG00000112038
DB00794,1.1775811969854324e-05,4.929009137543487,Primidone,N03,Antiepileptics ,P25101,EDNRA,ENSG00000151617
DB00794,1.1775811969854324e-05,4.929009137543487,Primidone,N03,Antiepileptics ,P03372,ESR1,ENSG00000091831
DB00794,1.1775811969854324e-05,4.929009137543487,Primidone,N03,Antiepileptics ,P34903,GABRA3,ENSG00000011677
DB00794,1.1775811969854324e-05,4.929009137543487,Primidone,N03,Antiepileptics ,Q02750,MAP2K1,ENSG00000169032
DB00794,1.1775811969854324e-05,4.929009137543487,Primidone,N03,Antiepileptics ,P07437,TUBB,ENSG00000196230
DB00475,1.166229334267074e-05,4.933216038931011,Chlordiazepoxide,N05,Psycholeptics ,P30536,TSPO,ENSG00000100300
DB00475,1.166229334267074e-05,4.933216038931011,Chlordiazepoxide,N05,Psycholeptics ,P35372,OPRM1,ENSG00000112038
DB00475,1.166229334267074e-05,4.933216038931011,Chlordiazepoxide,N05,Psycholeptics ,P25101,EDNRA,ENSG00000151617
DB00475,1.166229334267074e-05,4.933216038931011,Chlordiazepoxide,N05,Psycholeptics ,P03372,ESR1,ENSG00000091831
DB00475,1.166229334267074e-05,4.933216038931011,Chlordiazepoxide,N05,Psycholeptics ,P34903,GABRA3,ENSG00000011677
DB00475,1.166229334267074e-05,4.933216038931011,Chlordiazepoxide,N05,Psycholeptics ,Q02750,MAP2K1,ENSG00000169032
DB00475,1.166229334267074e-05,4.933216038931011,Chlordiazepoxide,N05,Psycholeptics ,P07437,TUBB,ENSG00000196230
DB00829,1.152554598475205e-05,4.938338492181387,Diazepam,N05,Psycholeptics ,P30536,TSPO,ENSG00000100300
DB00829,1.152554598475205e-05,4.938338492181387,Diazepam,N05,Psycholeptics ,P35372,OPRM1,ENSG00000112038
DB00829,1.152554598475205e-05,4.938338492181387,Diazepam,N05,Psycholeptics ,P25101,EDNRA,ENSG00000151617
DB00829,1.152554598475205e-05,4.938338492181387,Diazepam,N05,Psycholeptics ,P03372,ESR1,ENSG00000091831
DB00829,1.152554598475205e-05,4.938338492181387,Diazepam,N05,Psycholeptics ,P34903,GABRA3,ENSG00000011677
DB00829,1.152554598475205e-05,4.938338492181387,Diazepam,N05,Psycholeptics ,Q02750,MAP2K1,ENSG00000169032
DB00829,1.152554598475205e-05,4.938338492181387,Diazepam,N05,Psycholeptics ,P07437,TUBB,ENSG00000196230
DB00292,1.148498034497397e-05,4.93986974370593,Etomidate,N01,Anesthetics ,P30536,TSPO,ENSG00000100300
DB00292,1.148498034497397e-05,4.93986974370593,Etomidate,N01,Anesthetics ,P35372,OPRM1,ENSG00000112038
DB00292,1.148498034497397e-05,4.93986974370593,Etomidate,N01,Anesthetics ,P25101,EDNRA,ENSG00000151617
DB00292,1.148498034497397e-05,4.93986974370593,Etomidate,N01,Anesthetics ,P03372,ESR1,ENSG00000091831
DB00292,1.148498034497397e-05,4.93986974370593,Etomidate,N01,Anesthetics ,P34903,GABRA3,ENSG00000011677
DB00292,1.148498034497397e-05,4.93986974370593,Etomidate,N01,Anesthetics ,Q02750,MAP2K1,ENSG00000169032
DB00292,1.148498034497397e-05,4.93986974370593,Etomidate,N01,Anesthetics ,P07437,TUBB,ENSG00000196230
DB11582,1.148259820965086e-05,4.939959831411712,Thiocolchicoside,M03,Muscle relaxants ,P30536,TSPO,ENSG00000100300
DB11582,1.148259820965086e-05,4.939959831411712,Thiocolchicoside,M03,Muscle relaxants ,P35372,OPRM1,ENSG00000112038
DB11582,1.148259820965086e-05,4.939959831411712,Thiocolchicoside,M03,Muscle relaxants ,P25101,EDNRA,ENSG00000151617
DB11582,1.148259820965086e-05,4.939959831411712,Thiocolchicoside,M03,Muscle relaxants ,P03372,ESR1,ENSG00000091831
DB11582,1.148259820965086e-05,4.939959831411712,Thiocolchicoside,M03,Muscle relaxants ,P34903,GABRA3,ENSG00000011677
DB11582,1.148259820965086e-05,4.939959831411712,Thiocolchicoside,M03,Muscle relaxants ,Q02750,MAP2K1,ENSG00000169032
DB11582,1.148259820965086e-05,4.939959831411712,Thiocolchicoside,M03,Muscle relaxants ,P07437,TUBB,ENSG00000196230
DB00683,1.1474168778252647e-05,4.940278766191011,Midazolam,N05,Psycholeptics ,P30536,TSPO,ENSG00000100300
DB00683,1.1474168778252647e-05,4.940278766191011,Midazolam,N05,Psycholeptics ,P35372,OPRM1,ENSG00000112038
DB00683,1.1474168778252647e-05,4.940278766191011,Midazolam,N05,Psycholeptics ,P25101,EDNRA,ENSG00000151617
DB00683,1.1474168778252647e-05,4.940278766191011,Midazolam,N05,Psycholeptics ,P03372,ESR1,ENSG00000091831
DB00683,1.1474168778252647e-05,4.940278766191011,Midazolam,N05,Psycholeptics ,P34903,GABRA3,ENSG00000011677
DB00683,1.1474168778252647e-05,4.940278766191011,Midazolam,N05,Psycholeptics ,Q02750,MAP2K1,ENSG00000169032
DB00683,1.1474168778252647e-05,4.940278766191011,Midazolam,N05,Psycholeptics ,P07437,TUBB,ENSG00000196230
DB00404,1.146064080127386e-05,4.9407910988889725,Alprazolam,N05,Psycholeptics ,P30536,TSPO,ENSG00000100300
DB00404,1.146064080127386e-05,4.9407910988889725,Alprazolam,N05,Psycholeptics ,P35372,OPRM1,ENSG00000112038
DB00404,1.146064080127386e-05,4.9407910988889725,Alprazolam,N05,Psycholeptics ,P25101,EDNRA,ENSG00000151617
DB00404,1.146064080127386e-05,4.9407910988889725,Alprazolam,N05,Psycholeptics ,P03372,ESR1,ENSG00000091831
DB00404,1.146064080127386e-05,4.9407910988889725,Alprazolam,N05,Psycholeptics ,P34903,GABRA3,ENSG00000011677
DB00404,1.146064080127386e-05,4.9407910988889725,Alprazolam,N05,Psycholeptics ,Q02750,MAP2K1,ENSG00000169032
DB00404,1.146064080127386e-05,4.9407910988889725,Alprazolam,N05,Psycholeptics ,P07437,TUBB,ENSG00000196230
DB00255,1.1342880864815418e-05,4.945276629323513,Diethylstilbestrol,G03,Sex hormones and modulators of the genital system ,P30536,TSPO,ENSG00000100300
DB00255,1.1342880864815418e-05,4.945276629323513,Diethylstilbestrol,G03,Sex hormones and modulators of the genital system ,P35372,OPRM1,ENSG00000112038
DB00255,1.1342880864815418e-05,4.945276629323513,Diethylstilbestrol,G03,Sex hormones and modulators of the genital system ,P25101,EDNRA,ENSG00000151617
DB00255,1.1342880864815418e-05,4.945276629323513,Diethylstilbestrol,G03,Sex hormones and modulators of the genital system ,P03372,ESR1,ENSG00000091831
DB00255,1.1342880864815418e-05,4.945276629323513,Diethylstilbestrol,G03,Sex hormones and modulators of the genital system ,P34903,GABRA3,ENSG00000011677
DB00255,1.1342880864815418e-05,4.945276629323513,Diethylstilbestrol,G03,Sex hormones and modulators of the genital system ,Q02750,MAP2K1,ENSG00000169032
DB00255,1.1342880864815418e-05,4.945276629323513,Diethylstilbestrol,G03,Sex hormones and modulators of the genital system ,P07437,TUBB,ENSG00000196230
DB00255,1.1342880864815418e-05,4.945276629323513,Diethylstilbestrol,G03,Sex hormones and modulators of the genital system ,P30536,TSPO,ENSG00000100300
DB00255,1.1342880864815418e-05,4.945276629323513,Diethylstilbestrol,G03,Sex hormones and modulators of the genital system ,P35372,OPRM1,ENSG00000112038
DB00255,1.1342880864815418e-05,4.945276629323513,Diethylstilbestrol,G03,Sex hormones and modulators of the genital system ,P25101,EDNRA,ENSG00000151617
DB00255,1.1342880864815418e-05,4.945276629323513,Diethylstilbestrol,G03,Sex hormones and modulators of the genital system ,P03372,ESR1,ENSG00000091831
DB00255,1.1342880864815418e-05,4.945276629323513,Diethylstilbestrol,G03,Sex hormones and modulators of the genital system ,P34903,GABRA3,ENSG00000011677
DB00255,1.1342880864815418e-05,4.945276629323513,Diethylstilbestrol,G03,Sex hormones and modulators of the genital system ,Q02750,MAP2K1,ENSG00000169032
DB00255,1.1342880864815418e-05,4.945276629323513,Diethylstilbestrol,G03,Sex hormones and modulators of the genital system ,P07437,TUBB,ENSG00000196230
DB00255,1.1342880864815418e-05,4.945276629323513,Diethylstilbestrol,L02,Endocrine therapy ,P30536,TSPO,ENSG00000100300
DB00255,1.1342880864815418e-05,4.945276629323513,Diethylstilbestrol,L02,Endocrine therapy ,P35372,OPRM1,ENSG00000112038
DB00255,1.1342880864815418e-05,4.945276629323513,Diethylstilbestrol,L02,Endocrine therapy ,P25101,EDNRA,ENSG00000151617
DB00255,1.1342880864815418e-05,4.945276629323513,Diethylstilbestrol,L02,Endocrine therapy ,P03372,ESR1,ENSG00000091831
DB00255,1.1342880864815418e-05,4.945276629323513,Diethylstilbestrol,L02,Endocrine therapy ,P34903,GABRA3,ENSG00000011677
DB00255,1.1342880864815418e-05,4.945276629323513,Diethylstilbestrol,L02,Endocrine therapy ,Q02750,MAP2K1,ENSG00000169032
DB00255,1.1342880864815418e-05,4.945276629323513,Diethylstilbestrol,L02,Endocrine therapy ,P07437,TUBB,ENSG00000196230
DB00502,1.1333469976612845e-05,4.945637101524654,Haloperidol,N05,Psycholeptics ,P30536,TSPO,ENSG00000100300
DB00502,1.1333469976612845e-05,4.945637101524654,Haloperidol,N05,Psycholeptics ,P35372,OPRM1,ENSG00000112038
DB00502,1.1333469976612845e-05,4.945637101524654,Haloperidol,N05,Psycholeptics ,P25101,EDNRA,ENSG00000151617
DB00502,1.1333469976612845e-05,4.945637101524654,Haloperidol,N05,Psycholeptics ,P03372,ESR1,ENSG00000091831
DB00502,1.1333469976612845e-05,4.945637101524654,Haloperidol,N05,Psycholeptics ,P34903,GABRA3,ENSG00000011677
DB00502,1.1333469976612845e-05,4.945637101524654,Haloperidol,N05,Psycholeptics ,Q02750,MAP2K1,ENSG00000169032
DB00502,1.1333469976612845e-05,4.945637101524654,Haloperidol,N05,Psycholeptics ,P07437,TUBB,ENSG00000196230
DB03017,1.132690334650264e-05,4.945888805347951,,,,P30536,TSPO,ENSG00000100300
DB03017,1.132690334650264e-05,4.945888805347951,,,,P35372,OPRM1,ENSG00000112038
DB03017,1.132690334650264e-05,4.945888805347951,,,,P25101,EDNRA,ENSG00000151617
DB03017,1.132690334650264e-05,4.945888805347951,,,,P03372,ESR1,ENSG00000091831
DB03017,1.132690334650264e-05,4.945888805347951,,,,P34903,GABRA3,ENSG00000011677
DB03017,1.132690334650264e-05,4.945888805347951,,,,Q02750,MAP2K1,ENSG00000169032
DB03017,1.132690334650264e-05,4.945888805347951,,,,P07437,TUBB,ENSG00000196230
DB14028,1.1319719832590408e-05,4.946164321969809,Nordazepam,N05,Psycholeptics ,P30536,TSPO,ENSG00000100300
DB14028,1.1319719832590408e-05,4.946164321969809,Nordazepam,N05,Psycholeptics ,P35372,OPRM1,ENSG00000112038
DB14028,1.1319719832590408e-05,4.946164321969809,Nordazepam,N05,Psycholeptics ,P25101,EDNRA,ENSG00000151617
DB14028,1.1319719832590408e-05,4.946164321969809,Nordazepam,N05,Psycholeptics ,P03372,ESR1,ENSG00000091831
DB14028,1.1319719832590408e-05,4.946164321969809,Nordazepam,N05,Psycholeptics ,P34903,GABRA3,ENSG00000011677
DB14028,1.1319719832590408e-05,4.946164321969809,Nordazepam,N05,Psycholeptics ,Q02750,MAP2K1,ENSG00000169032
DB14028,1.1319719832590408e-05,4.946164321969809,Nordazepam,N05,Psycholeptics ,P07437,TUBB,ENSG00000196230
DB00897,1.129119469456786e-05,4.947260103973322,Triazolam,N05,Psycholeptics ,P30536,TSPO,ENSG00000100300
DB00897,1.129119469456786e-05,4.947260103973322,Triazolam,N05,Psycholeptics ,P35372,OPRM1,ENSG00000112038
DB00897,1.129119469456786e-05,4.947260103973322,Triazolam,N05,Psycholeptics ,P25101,EDNRA,ENSG00000151617
DB00897,1.129119469456786e-05,4.947260103973322,Triazolam,N05,Psycholeptics ,P03372,ESR1,ENSG00000091831
DB00897,1.129119469456786e-05,4.947260103973322,Triazolam,N05,Psycholeptics ,P34903,GABRA3,ENSG00000011677
DB00897,1.129119469456786e-05,4.947260103973322,Triazolam,N05,Psycholeptics ,Q02750,MAP2K1,ENSG00000169032
DB00897,1.129119469456786e-05,4.947260103973322,Triazolam,N05,Psycholeptics ,P07437,TUBB,ENSG00000196230
DB03344,1.1287060526343132e-05,4.947419146064906,,,,P30536,TSPO,ENSG00000100300
DB03344,1.1287060526343132e-05,4.947419146064906,,,,P35372,OPRM1,ENSG00000112038
DB03344,1.1287060526343132e-05,4.947419146064906,,,,P25101,EDNRA,ENSG00000151617
DB03344,1.1287060526343132e-05,4.947419146064906,,,,P03372,ESR1,ENSG00000091831
DB03344,1.1287060526343132e-05,4.947419146064906,,,,P34903,GABRA3,ENSG00000011677
DB03344,1.1287060526343132e-05,4.947419146064906,,,,Q02750,MAP2K1,ENSG00000169032
DB03344,1.1287060526343132e-05,4.947419146064906,,,,P07437,TUBB,ENSG00000196230
DB01154,1.122837921683746e-05,4.949682928331965,,,,P30536,TSPO,ENSG00000100300
DB01154,1.122837921683746e-05,4.949682928331965,,,,P35372,OPRM1,ENSG00000112038
DB01154,1.122837921683746e-05,4.949682928331965,,,,P25101,EDNRA,ENSG00000151617
DB01154,1.122837921683746e-05,4.949682928331965,,,,P03372,ESR1,ENSG00000091831
DB01154,1.122837921683746e-05,4.949682928331965,,,,P34903,GABRA3,ENSG00000011677
DB01154,1.122837921683746e-05,4.949682928331965,,,,Q02750,MAP2K1,ENSG00000169032
DB01154,1.122837921683746e-05,4.949682928331965,,,,P07437,TUBB,ENSG00000196230
DB01595,1.1137143417284288e-05,4.953226187725878,Nitrazepam,N05,Psycholeptics ,P30536,TSPO,ENSG00000100300
DB01595,1.1137143417284288e-05,4.953226187725878,Nitrazepam,N05,Psycholeptics ,P35372,OPRM1,ENSG00000112038
DB01595,1.1137143417284288e-05,4.953226187725878,Nitrazepam,N05,Psycholeptics ,P25101,EDNRA,ENSG00000151617
DB01595,1.1137143417284288e-05,4.953226187725878,Nitrazepam,N05,Psycholeptics ,P03372,ESR1,ENSG00000091831
DB01595,1.1137143417284288e-05,4.953226187725878,Nitrazepam,N05,Psycholeptics ,P34903,GABRA3,ENSG00000011677
DB01595,1.1137143417284288e-05,4.953226187725878,Nitrazepam,N05,Psycholeptics ,Q02750,MAP2K1,ENSG00000169032
DB01595,1.1137143417284288e-05,4.953226187725878,Nitrazepam,N05,Psycholeptics ,P07437,TUBB,ENSG00000196230
DB00231,1.1135926123432896e-05,4.953273658866044,Temazepam,N05,Psycholeptics ,P30536,TSPO,ENSG00000100300
DB00231,1.1135926123432896e-05,4.953273658866044,Temazepam,N05,Psycholeptics ,P35372,OPRM1,ENSG00000112038
DB00231,1.1135926123432896e-05,4.953273658866044,Temazepam,N05,Psycholeptics ,P25101,EDNRA,ENSG00000151617
DB00231,1.1135926123432896e-05,4.953273658866044,Temazepam,N05,Psycholeptics ,P03372,ESR1,ENSG00000091831
DB00231,1.1135926123432896e-05,4.953273658866044,Temazepam,N05,Psycholeptics ,P34903,GABRA3,ENSG00000011677
DB00231,1.1135926123432896e-05,4.953273658866044,Temazepam,N05,Psycholeptics ,Q02750,MAP2K1,ENSG00000169032
DB00231,1.1135926123432896e-05,4.953273658866044,Temazepam,N05,Psycholeptics ,P07437,TUBB,ENSG00000196230
DB01068,1.1131981427934276e-05,4.953427526893545,Clonazepam,N03,Antiepileptics ,P30536,TSPO,ENSG00000100300
DB01068,1.1131981427934276e-05,4.953427526893545,Clonazepam,N03,Antiepileptics ,P35372,OPRM1,ENSG00000112038
DB01068,1.1131981427934276e-05,4.953427526893545,Clonazepam,N03,Antiepileptics ,P25101,EDNRA,ENSG00000151617
DB01068,1.1131981427934276e-05,4.953427526893545,Clonazepam,N03,Antiepileptics ,P03372,ESR1,ENSG00000091831
DB01068,1.1131981427934276e-05,4.953427526893545,Clonazepam,N03,Antiepileptics ,P34903,GABRA3,ENSG00000011677
DB01068,1.1131981427934276e-05,4.953427526893545,Clonazepam,N03,Antiepileptics ,Q02750,MAP2K1,ENSG00000169032
DB01068,1.1131981427934276e-05,4.953427526893545,Clonazepam,N03,Antiepileptics ,P07437,TUBB,ENSG00000196230
